id,ano,area,label,perm_idx,pos_correta,letra_escolhida,conteudo_escolhido_id,acertou,conf_logprob
questao_02,2022,LC,D,0,D,D,3,True,0.883804
questao_02,2022,LC,D,1,C,C,3,True,0.694157
questao_02,2022,LC,D,2,B,B,3,True,0.454691
questao_02,2022,LC,D,3,A,E,2,False,0.698951
questao_02,2022,LC,D,4,E,E,3,True,0.887317
questao_03,2022,LC,E,0,E,E,4,True,0.907727
questao_03,2022,LC,E,1,D,D,4,True,0.654125
questao_03,2022,LC,E,2,C,C,4,True,0.449774
questao_03,2022,LC,E,3,B,B,4,True,0.500733
questao_03,2022,LC,E,4,A,E,3,False,0.510066
questao_04,2022,LC,C,0,C,C,2,True,0.668483
questao_04,2022,LC,C,1,B,B,2,True,0.731675
questao_04,2022,LC,C,2,A,A,2,True,0.354608
questao_04,2022,LC,C,3,E,E,2,True,0.868725
questao_04,2022,LC,C,4,D,D,2,True,0.857084
questao_05,2022,LC,D,0,D,D,3,True,0.552126
questao_05,2022,LC,D,1,C,C,3,True,0.301933
questao_05,2022,LC,D,2,B,B,3,True,0.441309
questao_05,2022,LC,D,3,A,E,2,False,0.406562
questao_05,2022,LC,D,4,E,E,3,True,0.688645
questao_06,2022,LC,C,0,C,C,2,True,0.376946
questao_06,2022,LC,C,1,B,D,4,False,0.558882
questao_06,2022,LC,C,2,A,E,1,False,0.401603
questao_06,2022,LC,C,3,E,D,1,False,0.560292
questao_06,2022,LC,C,4,D,D,2,True,0.456297
questao_07,2022,LC,C,0,C,C,2,True,0.712303
questao_07,2022,LC,C,1,B,B,2,True,0.779468
questao_07,2022,LC,C,2,A,E,1,False,0.604586
questao_07,2022,LC,C,3,E,E,2,True,0.876321
questao_07,2022,LC,C,4,D,D,2,True,0.82768
questao_08,2022,LC,C,0,C,D,3,False,0.292902
questao_08,2022,LC,C,1,B,A,1,False,0.200409
questao_08,2022,LC,C,2,A,E,1,False,0.441799
questao_08,2022,LC,C,3,E,E,2,True,0.340802
questao_08,2022,LC,C,4,D,E,3,False,0.423297
questao_09,2022,LC,D,0,D,D,3,True,0.436288
questao_09,2022,LC,D,1,C,C,3,True,0.359048
questao_09,2022,LC,D,2,B,B,3,True,0.374608
questao_09,2022,LC,D,3,A,E,2,False,0.22985
questao_09,2022,LC,D,4,E,E,3,True,0.346016
questao_10,2022,LC,C,0,C,E,4,False,0.305177
questao_10,2022,LC,C,1,B,D,4,False,0.277432
questao_10,2022,LC,C,2,A,?,,False,0.241727
questao_10,2022,LC,C,3,E,E,2,True,0.253227
questao_10,2022,LC,C,4,D,E,3,False,0.214716
questao_11,2022,LC,C,0,C,C,2,True,0.460855
questao_11,2022,LC,C,1,B,B,2,True,0.455238
questao_11,2022,LC,C,2,A,E,1,False,0.422551
questao_11,2022,LC,C,3,E,E,2,True,0.702656
questao_11,2022,LC,C,4,D,D,2,True,0.749019
questao_12,2022,LC,E,0,E,A,0,False,0.281018
questao_12,2022,LC,E,1,D,E,0,False,0.597844
questao_12,2022,LC,E,2,C,D,0,False,0.205842
questao_12,2022,LC,E,3,B,E,2,False,0.250521
questao_12,2022,LC,E,4,A,A,4,True,0.224836
questao_13,2022,LC,B,0,B,B,1,True,0.287328
questao_13,2022,LC,B,1,A,E,0,False,0.372711
questao_13,2022,LC,B,2,E,D,0,False,0.361041
questao_13,2022,LC,B,3,D,D,1,True,0.21368
questao_13,2022,LC,B,4,C,E,3,False,0.2843
questao_14,2022,LC,A,0,A,E,4,False,0.488345
questao_14,2022,LC,A,1,E,D,4,False,0.324055
questao_14,2022,LC,A,2,D,E,1,False,0.311188
questao_14,2022,LC,A,3,C,E,2,False,0.289597
questao_14,2022,LC,A,4,B,E,3,False,0.403087
questao_15,2022,LC,C,0,C,D,3,False,0.262781
questao_15,2022,LC,C,1,B,E,0,False,0.205927
questao_15,2022,LC,C,2,A,E,1,False,0.238561
questao_15,2022,LC,C,3,E,E,2,True,0.295068
questao_15,2022,LC,C,4,D,E,3,False,0.263063
questao_17,2022,LC,B,0,B,B,1,True,0.41958
questao_17,2022,LC,B,1,A,E,0,False,0.405383
questao_17,2022,LC,B,2,E,D,0,False,0.265797
questao_17,2022,LC,B,3,D,D,1,True,0.319589
questao_17,2022,LC,B,4,C,C,1,True,0.234656
questao_19,2022,LC,A,0,A,E,4,False,0.278196
questao_19,2022,LC,A,1,E,E,0,True,0.371147
questao_19,2022,LC,A,2,D,E,1,False,0.340591
questao_19,2022,LC,A,3,C,E,2,False,0.238336
questao_19,2022,LC,A,4,B,E,3,False,0.298089
questao_21,2022,LC,E,0,E,B,1,False,0.407919
questao_21,2022,LC,E,1,D,E,0,False,0.289896
questao_21,2022,LC,E,2,C,E,1,False,0.625767
questao_21,2022,LC,E,3,B,D,1,False,0.658014
questao_21,2022,LC,E,4,A,C,1,False,0.344531
questao_22,2022,LC,E,0,E,E,4,True,0.848069
questao_22,2022,LC,E,1,D,D,4,True,0.528046
questao_22,2022,LC,E,2,C,C,4,True,0.569828
questao_22,2022,LC,E,3,B,E,2,False,0.346928
questao_22,2022,LC,E,4,A,A,4,True,0.336676
questao_23,2022,LC,C,0,C,C,2,True,0.463676
questao_23,2022,LC,C,1,B,B,2,True,0.733912
questao_23,2022,LC,C,2,A,E,1,False,0.267631
questao_23,2022,LC,C,3,E,E,2,True,0.405482
questao_23,2022,LC,C,4,D,D,2,True,0.660264
questao_24,2022,LC,A,0,A,A,0,True,0.36812
questao_24,2022,LC,A,1,E,E,0,True,0.802102
questao_24,2022,LC,A,2,D,D,0,True,0.672331
questao_24,2022,LC,A,3,C,C,0,True,0.411731
questao_24,2022,LC,A,4,B,B,0,True,0.663598
questao_25,2022,LC,B,0,B,E,4,False,0.337995
questao_25,2022,LC,B,1,A,E,0,False,0.311511
questao_25,2022,LC,B,2,E,E,1,True,0.329405
questao_25,2022,LC,B,3,D,E,2,False,0.30565
questao_25,2022,LC,B,4,C,E,3,False,0.233901
questao_26,2022,LC,A,0,A,E,4,False,0.683449
questao_26,2022,LC,A,1,E,D,4,False,0.651383
questao_26,2022,LC,A,2,D,D,0,True,0.383526
questao_26,2022,LC,A,3,C,C,0,True,0.272785
questao_26,2022,LC,A,4,B,B,0,True,0.379503
questao_29,2022,LC,E,0,E,E,4,True,0.402233
questao_29,2022,LC,E,1,D,D,4,True,0.339555
questao_29,2022,LC,E,2,C,E,1,False,0.392029
questao_29,2022,LC,E,3,B,E,2,False,0.482557
questao_29,2022,LC,E,4,A,D,2,False,0.381272
questao_31,2022,LC,E,0,E,E,4,True,0.51155
questao_31,2022,LC,E,1,D,D,4,True,0.684366
questao_31,2022,LC,E,2,C,C,4,True,0.543911
questao_31,2022,LC,E,3,B,B,4,True,0.63556
questao_31,2022,LC,E,4,A,A,4,True,0.321357
questao_32,2022,LC,B,0,B,B,1,True,0.602522
questao_32,2022,LC,B,1,A,A,1,True,0.303641
questao_32,2022,LC,B,2,E,E,1,True,0.642152
questao_32,2022,LC,B,3,D,D,1,True,0.762702
questao_32,2022,LC,B,4,C,C,1,True,0.602024
questao_33,2022,LC,E,0,E,E,4,True,0.672382
questao_33,2022,LC,E,1,D,E,0,False,0.504026
questao_33,2022,LC,E,2,C,C,4,True,0.340605
questao_33,2022,LC,E,3,B,B,4,True,0.262299
questao_33,2022,LC,E,4,A,E,3,False,0.363763
questao_34,2022,LC,E,0,E,E,4,True,0.449307
questao_34,2022,LC,E,1,D,D,4,True,0.339915
questao_34,2022,LC,E,2,C,B,3,False,0.285237
questao_34,2022,LC,E,3,B,E,2,False,0.227797
questao_34,2022,LC,E,4,A,E,3,False,0.456223
questao_35,2022,LC,D,0,D,C,2,False,0.579719
questao_35,2022,LC,D,1,C,B,2,False,0.424348
questao_35,2022,LC,D,2,B,B,3,True,0.228986
questao_35,2022,LC,D,3,A,E,2,False,0.823869
questao_35,2022,LC,D,4,E,D,2,False,0.775724
questao_36,2022,LC,C,0,C,E,4,False,0.443865
questao_36,2022,LC,C,1,B,D,4,False,0.391517
questao_36,2022,LC,C,2,A,C,4,False,0.213666
questao_36,2022,LC,C,3,E,A,3,False,0.209512
questao_36,2022,LC,C,4,D,E,3,False,0.50044
questao_37,2022,LC,A,0,A,A,0,True,0.335825
questao_37,2022,LC,A,1,E,E,0,True,0.662251
questao_37,2022,LC,A,2,D,D,0,True,0.66666
questao_37,2022,LC,A,3,C,C,0,True,0.540785
questao_37,2022,LC,A,4,B,B,0,True,0.495224
questao_38,2022,LC,D,0,D,D,3,True,0.582343
questao_38,2022,LC,D,1,C,C,3,True,0.42984
questao_38,2022,LC,D,2,B,B,3,True,0.472073
questao_38,2022,LC,D,3,A,A,3,True,0.285757
questao_38,2022,LC,D,4,E,E,3,True,0.705046
questao_39,2022,LC,B,0,B,B,1,True,0.49225
questao_39,2022,LC,B,1,A,A,1,True,0.31425
questao_39,2022,LC,B,2,E,E,1,True,0.710462
questao_39,2022,LC,B,3,D,D,1,True,0.63459
questao_39,2022,LC,B,4,C,C,1,True,0.468512
questao_40,2022,LC,D,0,D,E,4,False,0.243862
questao_40,2022,LC,D,1,C,E,0,False,0.436196
questao_40,2022,LC,D,2,B,B,3,True,0.292177
questao_40,2022,LC,D,3,A,A,3,True,0.306864
questao_40,2022,LC,D,4,E,E,3,True,0.467927
questao_41,2022,LC,B,0,B,E,4,False,0.418803
questao_41,2022,LC,B,1,A,E,0,False,0.352627
questao_41,2022,LC,B,2,E,E,1,True,0.627361
questao_41,2022,LC,B,3,D,D,1,True,0.573252
questao_41,2022,LC,B,4,C,C,1,True,0.345447
questao_42,2022,LC,D,0,D,D,3,True,0.430232
questao_42,2022,LC,D,1,C,C,3,True,0.397312
questao_42,2022,LC,D,2,B,B,3,True,0.321495
questao_42,2022,LC,D,3,A,A,3,True,0.38142
questao_42,2022,LC,D,4,E,E,3,True,0.329378
questao_45,2022,LC,A,0,A,E,4,False,0.464543
questao_45,2022,LC,A,1,E,E,0,True,0.383399
questao_45,2022,LC,A,2,D,E,1,False,0.341
questao_45,2022,LC,A,3,C,E,2,False,0.419216
questao_45,2022,LC,A,4,B,E,3,False,0.319711
questao_46,2022,CH,C,0,C,C,2,True,0.688842
questao_46,2022,CH,C,1,B,B,2,True,0.722664
questao_46,2022,CH,C,2,A,A,2,True,0.550947
questao_46,2022,CH,C,3,E,E,2,True,0.862239
questao_46,2022,CH,C,4,D,D,2,True,0.604663
questao_47,2022,CH,B,0,B,E,4,False,0.32279
questao_47,2022,CH,B,1,A,E,0,False,0.37728
questao_47,2022,CH,B,2,E,E,1,True,0.505758
questao_47,2022,CH,B,3,D,E,2,False,0.369295
questao_47,2022,CH,B,4,C,E,3,False,0.414263
questao_48,2022,CH,E,0,E,E,4,True,0.715249
questao_48,2022,CH,E,1,D,D,4,True,0.323997
questao_48,2022,CH,E,2,C,E,1,False,0.438366
questao_48,2022,CH,E,3,B,E,2,False,0.526105
questao_48,2022,CH,E,4,A,E,3,False,0.383608
questao_49,2022,CH,C,0,C,C,2,True,0.466772
questao_49,2022,CH,C,1,B,B,2,True,0.426618
questao_49,2022,CH,C,2,A,A,2,True,0.481795
questao_49,2022,CH,C,3,E,E,2,True,0.435209
questao_49,2022,CH,C,4,D,D,2,True,0.502227
questao_50,2022,CH,A,0,A,E,4,False,0.427956
questao_50,2022,CH,A,1,E,E,0,True,0.595877
questao_50,2022,CH,A,2,D,D,0,True,0.643242
questao_50,2022,CH,A,3,C,C,0,True,0.370342
questao_50,2022,CH,A,4,B,E,3,False,0.336558
questao_52,2022,CH,B,0,B,D,3,False,0.569651
questao_52,2022,CH,B,1,A,C,3,False,0.519675
questao_52,2022,CH,B,2,E,C,4,False,0.316122
questao_52,2022,CH,B,3,D,D,1,True,0.688895
questao_52,2022,CH,B,4,C,E,3,False,0.506031
questao_53,2022,CH,C,0,C,B,1,False,0.311898
questao_53,2022,CH,C,1,B,B,2,True,0.464986
questao_53,2022,CH,C,2,A,E,1,False,0.33411
questao_53,2022,CH,C,3,E,D,1,False,0.418339
questao_53,2022,CH,C,4,D,D,2,True,0.544306
questao_54,2022,CH,D,0,D,D,3,True,0.847498
questao_54,2022,CH,D,1,C,C,3,True,0.500421
questao_54,2022,CH,D,2,B,B,3,True,0.750659
questao_54,2022,CH,D,3,A,A,3,True,0.755212
questao_54,2022,CH,D,4,E,E,3,True,0.885044
questao_56,2022,CH,A,0,A,A,0,True,0.391231
questao_56,2022,CH,A,1,E,E,0,True,0.769857
questao_56,2022,CH,A,2,D,D,0,True,0.808339
questao_56,2022,CH,A,3,C,C,0,True,0.624279
questao_56,2022,CH,A,4,B,B,0,True,0.665491
questao_57,2022,CH,C,0,C,D,3,False,0.262796
questao_57,2022,CH,C,1,B,E,0,False,0.338198
questao_57,2022,CH,C,2,A,E,1,False,0.382813
questao_57,2022,CH,C,3,E,E,2,True,0.375605
questao_57,2022,CH,C,4,D,E,3,False,0.308701
questao_58,2022,CH,D,0,D,D,3,True,0.641847
questao_58,2022,CH,D,1,C,C,3,True,0.569497
questao_58,2022,CH,D,2,B,B,3,True,0.343633
questao_58,2022,CH,D,3,A,E,2,False,0.305692
questao_58,2022,CH,D,4,E,E,3,True,0.698847
questao_60,2022,CH,E,0,E,E,4,True,0.62858
questao_60,2022,CH,E,1,D,A,1,False,0.723786
questao_60,2022,CH,E,2,C,E,1,False,0.750294
questao_60,2022,CH,E,3,B,D,1,False,0.660726
questao_60,2022,CH,E,4,A,C,1,False,0.551664
questao_61,2022,CH,D,0,D,D,3,True,0.457842
questao_61,2022,CH,D,1,C,C,3,True,0.354351
questao_61,2022,CH,D,2,B,B,3,True,0.314615
questao_61,2022,CH,D,3,A,E,2,False,0.453198
questao_61,2022,CH,D,4,E,E,3,True,0.597412
questao_62,2022,CH,A,0,A,E,4,False,0.460891
questao_62,2022,CH,A,1,E,D,4,False,0.542702
questao_62,2022,CH,A,2,D,D,0,True,0.290772
questao_62,2022,CH,A,3,C,C,0,True,0.317407
questao_62,2022,CH,A,4,B,D,2,False,0.252357
questao_64,2022,CH,A,0,A,E,4,False,0.496207
questao_64,2022,CH,A,1,E,E,0,True,0.521272
questao_64,2022,CH,A,2,D,E,1,False,0.334814
questao_64,2022,CH,A,3,C,E,2,False,0.359402
questao_64,2022,CH,A,4,B,E,3,False,0.518769
questao_65,2022,CH,D,0,D,E,4,False,0.459263
questao_65,2022,CH,D,1,C,E,0,False,0.403959
questao_65,2022,CH,D,2,B,E,1,False,0.376417
questao_65,2022,CH,D,3,A,E,2,False,0.389954
questao_65,2022,CH,D,4,E,E,3,True,0.59405
questao_66,2022,CH,B,0,B,E,4,False,0.317666
questao_66,2022,CH,B,1,A,A,1,True,0.313553
questao_66,2022,CH,B,2,E,E,1,True,0.708846
questao_66,2022,CH,B,3,D,D,1,True,0.467304
questao_66,2022,CH,B,4,C,C,1,True,0.381751
questao_67,2022,CH,C,0,C,B,1,False,0.419716
questao_67,2022,CH,C,1,B,E,0,False,0.33938
questao_67,2022,CH,C,2,A,D,0,False,0.41857
questao_67,2022,CH,C,3,E,C,0,False,0.306602
questao_67,2022,CH,C,4,D,C,1,False,0.310305
questao_68,2022,CH,D,0,D,D,3,True,0.899044
questao_68,2022,CH,D,1,C,C,3,True,0.867143
questao_68,2022,CH,D,2,B,B,3,True,0.685836
questao_68,2022,CH,D,3,A,A,3,True,0.434198
questao_68,2022,CH,D,4,E,E,3,True,0.91748
questao_70,2022,CH,A,0,A,E,4,False,0.442347
questao_70,2022,CH,A,1,E,D,4,False,0.355543
questao_70,2022,CH,A,2,D,D,0,True,0.456862
questao_70,2022,CH,A,3,C,C,0,True,0.251868
questao_70,2022,CH,A,4,B,E,3,False,0.314632
questao_71,2022,CH,E,0,E,E,4,True,0.703227
questao_71,2022,CH,E,1,D,D,4,True,0.80595
questao_71,2022,CH,E,2,C,C,4,True,0.569188
questao_71,2022,CH,E,3,B,B,4,True,0.485572
questao_71,2022,CH,E,4,A,E,3,False,0.570773
questao_72,2022,CH,C,0,C,C,2,True,0.621565
questao_72,2022,CH,C,1,B,B,2,True,0.573536
questao_72,2022,CH,C,2,A,A,2,True,0.276174
questao_72,2022,CH,C,3,E,E,2,True,0.818142
questao_72,2022,CH,C,4,D,D,2,True,0.83539
questao_73,2022,CH,B,0,B,E,4,False,0.23995
questao_73,2022,CH,B,1,A,E,0,False,0.259125
questao_73,2022,CH,B,2,E,E,1,True,0.313302
questao_73,2022,CH,B,3,D,D,1,True,0.512572
questao_73,2022,CH,B,4,C,C,1,True,0.378829
questao_76,2022,CH,A,0,A,A,0,True,0.478706
questao_76,2022,CH,A,1,E,E,0,True,0.814736
questao_76,2022,CH,A,2,D,D,0,True,0.628326
questao_76,2022,CH,A,3,C,C,0,True,0.586158
questao_76,2022,CH,A,4,B,B,0,True,0.661543
questao_77,2022,CH,E,0,E,E,4,True,0.567561
questao_77,2022,CH,E,1,D,D,4,True,0.702584
questao_77,2022,CH,E,2,C,C,4,True,0.652242
questao_77,2022,CH,E,3,B,B,4,True,0.529808
questao_77,2022,CH,E,4,A,E,3,False,0.294272
questao_78,2022,CH,C,0,C,B,1,False,0.685968
questao_78,2022,CH,C,1,B,E,0,False,0.42026
questao_78,2022,CH,C,2,A,E,1,False,0.61436
questao_78,2022,CH,C,3,E,D,1,False,0.648463
questao_78,2022,CH,C,4,D,C,1,False,0.562822
questao_79,2022,CH,B,0,B,B,1,True,0.722427
questao_79,2022,CH,B,1,A,A,1,True,0.411615
questao_79,2022,CH,B,2,E,E,1,True,0.895627
questao_79,2022,CH,B,3,D,D,1,True,0.884935
questao_79,2022,CH,B,4,C,C,1,True,0.692288
questao_80,2022,CH,E,0,E,D,3,False,0.42884
questao_80,2022,CH,E,1,D,C,3,False,0.408538
questao_80,2022,CH,E,2,C,B,3,False,0.25946
questao_80,2022,CH,E,3,B,E,2,False,0.520344
questao_80,2022,CH,E,4,A,E,3,False,0.575568
questao_81,2022,CH,B,0,B,B,1,True,0.282134
questao_81,2022,CH,B,1,A,E,0,False,0.29085
questao_81,2022,CH,B,2,E,E,1,True,0.472179
questao_81,2022,CH,B,3,D,D,1,True,0.551384
questao_81,2022,CH,B,4,C,E,3,False,0.33201
questao_83,2022,CH,E,0,E,C,2,False,0.330068
questao_83,2022,CH,E,1,D,E,0,False,0.276829
questao_83,2022,CH,E,2,C,E,1,False,0.365952
questao_83,2022,CH,E,3,B,E,2,False,0.459734
questao_83,2022,CH,E,4,A,D,2,False,0.445134
questao_84,2022,CH,E,0,E,E,4,True,0.475063
questao_84,2022,CH,E,1,D,B,2,False,0.351542
questao_84,2022,CH,E,2,C,C,4,True,0.26593
questao_84,2022,CH,E,3,B,B,4,True,0.428203
questao_84,2022,CH,E,4,A,E,3,False,0.282492
questao_85,2022,CH,D,0,D,D,3,True,0.445185
questao_85,2022,CH,D,1,C,C,3,True,0.486378
questao_85,2022,CH,D,2,B,B,3,True,0.370946
questao_85,2022,CH,D,3,A,E,2,False,0.546452
questao_85,2022,CH,D,4,E,E,3,True,0.643666
questao_86,2022,CH,A,0,A,B,1,False,0.385497
questao_86,2022,CH,A,1,E,E,0,True,0.571884
questao_86,2022,CH,A,2,D,D,0,True,0.572539
questao_86,2022,CH,A,3,C,C,0,True,0.50135
questao_86,2022,CH,A,4,B,B,0,True,0.594799
questao_87,2022,CH,D,0,D,E,4,False,0.316842
questao_87,2022,CH,D,1,C,E,0,False,0.701615
questao_87,2022,CH,D,2,B,D,0,False,0.731286
questao_87,2022,CH,D,3,A,C,0,False,0.529457
questao_87,2022,CH,D,4,E,B,0,False,0.332801
questao_88,2022,CH,E,0,E,E,4,True,0.883924
questao_88,2022,CH,E,1,D,D,4,True,0.887603
questao_88,2022,CH,E,2,C,C,4,True,0.647551
questao_88,2022,CH,E,3,B,B,4,True,0.715015
questao_88,2022,CH,E,4,A,A,4,True,0.506806
questao_89,2022,CH,A,0,A,A,0,True,0.710762
questao_89,2022,CH,A,1,E,E,0,True,0.927005
questao_89,2022,CH,A,2,D,D,0,True,0.952026
questao_89,2022,CH,A,3,C,C,0,True,0.843761
questao_89,2022,CH,A,4,B,B,0,True,0.843363
questao_91,2022,CN,D,0,D,D,3,True,0.367024
questao_91,2022,CN,D,1,C,E,0,False,0.418973
questao_91,2022,CN,D,2,B,E,1,False,0.37171
questao_91,2022,CN,D,3,A,E,2,False,0.572396
questao_91,2022,CN,D,4,E,E,3,True,0.757509
questao_95,2022,CN,D,0,D,C,2,False,0.336552
questao_95,2022,CN,D,1,C,B,2,False,0.267954
questao_95,2022,CN,D,2,B,E,1,False,0.4957
questao_95,2022,CN,D,3,A,E,2,False,0.763594
questao_95,2022,CN,D,4,E,D,2,False,0.736561
questao_96,2022,CN,B,0,B,C,2,False,0.255301
questao_96,2022,CN,B,1,A,E,0,False,0.399932
questao_96,2022,CN,B,2,E,A,2,False,0.491586
questao_96,2022,CN,B,3,D,E,2,False,0.456348
questao_96,2022,CN,B,4,C,D,2,False,0.638559
questao_97,2022,CN,E,0,E,D,3,False,0.402802
questao_97,2022,CN,E,1,D,D,4,True,0.577412
questao_97,2022,CN,E,2,C,B,3,False,0.465924
questao_97,2022,CN,E,3,B,B,4,True,0.417074
questao_97,2022,CN,E,4,A,E,3,False,0.481557
questao_98,2022,CN,A,0,A,D,3,False,0.36322
questao_98,2022,CN,A,1,E,D,4,False,0.469021
questao_98,2022,CN,A,2,D,E,1,False,0.272377
questao_98,2022,CN,A,3,C,D,1,False,0.221845
questao_98,2022,CN,A,4,B,E,3,False,0.380789
questao_100,2022,CN,C,0,C,E,4,False,0.256807
questao_100,2022,CN,C,1,B,B,2,True,0.369586
questao_100,2022,CN,C,2,A,E,1,False,0.316258
questao_100,2022,CN,C,3,E,E,2,True,0.802129
questao_100,2022,CN,C,4,D,D,2,True,0.534162
questao_101,2022,CN,A,0,A,E,4,False,0.307307
questao_101,2022,CN,A,1,E,E,0,True,0.572596
questao_101,2022,CN,A,2,D,D,0,True,0.63984
questao_101,2022,CN,A,3,C,C,0,True,0.411435
questao_101,2022,CN,A,4,B,B,0,True,0.52455
questao_102,2022,CN,E,0,E,E,4,True,0.439334
questao_102,2022,CN,E,1,D,D,4,True,0.320596
questao_102,2022,CN,E,2,C,D,0,False,0.26319
questao_102,2022,CN,E,3,B,E,2,False,0.254652
questao_102,2022,CN,E,4,A,E,3,False,0.250461
questao_103,2022,CN,B,0,B,B,1,True,0.443102
questao_103,2022,CN,B,1,A,A,1,True,0.384807
questao_103,2022,CN,B,2,E,E,1,True,0.640222
questao_103,2022,CN,B,3,D,D,1,True,0.820102
questao_103,2022,CN,B,4,C,C,1,True,0.722385
questao_106,2022,CN,E,0,E,E,4,True,0.446182
questao_106,2022,CN,E,1,D,E,0,False,0.37674
questao_106,2022,CN,E,2,C,E,1,False,0.469208
questao_106,2022,CN,E,3,B,E,2,False,0.314207
questao_106,2022,CN,E,4,A,E,3,False,0.371398
questao_107,2022,CN,B,0,B,E,4,False,0.51678
questao_107,2022,CN,B,1,A,E,0,False,0.448457
questao_107,2022,CN,B,2,E,D,0,False,0.348159
questao_107,2022,CN,B,3,D,E,2,False,0.485381
questao_107,2022,CN,B,4,C,E,3,False,0.490719
questao_108,2022,CN,B,0,B,E,4,False,0.315466
questao_108,2022,CN,B,1,A,D,4,False,0.405528
questao_108,2022,CN,B,2,E,E,1,True,0.299931
questao_108,2022,CN,B,3,D,D,1,True,0.362836
questao_108,2022,CN,B,4,C,E,3,False,0.290825
questao_109,2022,CN,C,0,C,C,2,True,0.460008
questao_109,2022,CN,C,1,B,B,2,True,0.560497
questao_109,2022,CN,C,2,A,A,2,True,0.639105
questao_109,2022,CN,C,3,E,E,2,True,0.673364
questao_109,2022,CN,C,4,D,D,2,True,0.684063
questao_113,2022,CN,C,0,C,D,3,False,0.346686
questao_113,2022,CN,C,1,B,D,4,False,0.355057
questao_113,2022,CN,C,2,A,E,1,False,0.248716
questao_113,2022,CN,C,3,E,E,2,True,0.2494
questao_113,2022,CN,C,4,D,E,3,False,0.246129
questao_114,2022,CN,B,0,B,E,4,False,0.337652
questao_114,2022,CN,B,1,A,D,4,False,0.283758
questao_114,2022,CN,B,2,E,E,1,True,0.332123
questao_114,2022,CN,B,3,D,E,2,False,0.388055
questao_114,2022,CN,B,4,C,E,3,False,0.457864
questao_115,2022,CN,D,0,D,D,3,True,0.256786
questao_115,2022,CN,D,1,C,D,4,False,0.271735
questao_115,2022,CN,D,2,B,B,3,True,0.201214
questao_115,2022,CN,D,3,A,E,2,False,0.280091
questao_115,2022,CN,D,4,E,E,3,True,0.28258
questao_116,2022,CN,D,0,D,D,3,True,0.819738
questao_116,2022,CN,D,1,C,C,3,True,0.710866
questao_116,2022,CN,D,2,B,B,3,True,0.733069
questao_116,2022,CN,D,3,A,A,3,True,0.699782
questao_116,2022,CN,D,4,E,E,3,True,0.825402
questao_120,2022,CN,E,0,E,E,4,True,0.898897
questao_120,2022,CN,E,1,D,D,4,True,0.908664
questao_120,2022,CN,E,2,C,C,4,True,0.767403
questao_120,2022,CN,E,3,B,B,4,True,0.711607
questao_120,2022,CN,E,4,A,A,4,True,0.453594
questao_121,2022,CN,A,0,A,E,4,False,0.266128
questao_121,2022,CN,A,1,E,E,0,True,0.261847
questao_121,2022,CN,A,2,D,E,1,False,0.237267
questao_121,2022,CN,A,3,C,E,2,False,0.299279
questao_121,2022,CN,A,4,B,E,3,False,0.282162
questao_124,2022,CN,A,0,A,E,4,False,0.191696
questao_124,2022,CN,A,1,E,D,4,False,0.353525
questao_124,2022,CN,A,2,D,D,0,True,0.281084
questao_124,2022,CN,A,3,C,E,2,False,0.213225
questao_124,2022,CN,A,4,B,B,0,True,0.495163
questao_125,2022,CN,B,0,B,D,3,False,0.224886
questao_125,2022,CN,B,1,A,E,0,False,0.184368
questao_125,2022,CN,B,2,E,E,1,True,0.266262
questao_125,2022,CN,B,3,D,E,2,False,0.285818
questao_125,2022,CN,B,4,C,E,3,False,0.240515
questao_126,2022,CN,C,0,C,E,4,False,0.297113
questao_126,2022,CN,C,1,B,E,0,False,0.260233
questao_126,2022,CN,C,2,A,E,1,False,0.240061
questao_126,2022,CN,C,3,E,E,2,True,0.37665
questao_126,2022,CN,C,4,D,E,3,False,0.275131
questao_127,2022,CN,E,0,E,E,4,True,0.393629
questao_127,2022,CN,E,1,D,E,0,False,0.463291
questao_127,2022,CN,E,2,C,D,0,False,0.256744
questao_127,2022,CN,E,3,B,E,2,False,0.262673
questao_127,2022,CN,E,4,A,E,3,False,0.382869
questao_129,2022,CN,B,0,B,E,4,False,0.229779
questao_129,2022,CN,B,1,A,A,1,True,0.363408
questao_129,2022,CN,B,2,E,E,1,True,0.394924
questao_129,2022,CN,B,3,D,E,2,False,0.282393
questao_129,2022,CN,B,4,C,E,3,False,0.333966
questao_130,2022,CN,E,0,E,E,4,True,0.263609
questao_130,2022,CN,E,1,D,D,4,True,0.448243
questao_130,2022,CN,E,2,C,D,0,False,0.306553
questao_130,2022,CN,E,3,B,C,0,False,0.245867
questao_130,2022,CN,E,4,A,B,0,False,0.260235
questao_133,2022,CN,D,0,D,D,3,True,0.599066
questao_133,2022,CN,D,1,C,C,3,True,0.51705
questao_133,2022,CN,D,2,B,B,3,True,0.624674
questao_133,2022,CN,D,3,A,A,3,True,0.479959
questao_133,2022,CN,D,4,E,E,3,True,0.796759
questao_134,2022,CN,B,0,B,D,3,False,0.293604
questao_134,2022,CN,B,1,A,B,2,False,0.199867
questao_134,2022,CN,B,2,E,E,1,True,0.167475
questao_134,2022,CN,B,3,D,D,1,True,0.205723
questao_134,2022,CN,B,4,C,D,2,False,0.451797
questao_135,2022,CN,A,0,A,B,1,False,0.290894
questao_135,2022,CN,A,1,E,D,4,False,0.334293
questao_135,2022,CN,A,2,D,D,0,True,0.326447
questao_135,2022,CN,A,3,C,D,1,False,0.692977
questao_135,2022,CN,A,4,B,D,2,False,0.410718
questao_138,2022,MT,E,0,E,D,3,False,0.736113
questao_138,2022,MT,E,1,D,D,4,True,0.420076
questao_138,2022,MT,E,2,C,C,4,True,0.413209
questao_138,2022,MT,E,3,B,E,2,False,0.293283
questao_138,2022,MT,E,4,A,E,3,False,0.379743
questao_140,2022,MT,A,0,A,E,4,False,0.288816
questao_140,2022,MT,A,1,E,D,4,False,0.247177
questao_140,2022,MT,A,2,D,E,1,False,0.317776
questao_140,2022,MT,A,3,C,C,0,True,0.305473
questao_140,2022,MT,A,4,B,B,0,True,0.262562
questao_141,2022,MT,E,0,E,D,3,False,0.218985
questao_141,2022,MT,E,1,D,D,4,True,0.30207
questao_141,2022,MT,E,2,C,E,1,False,0.24273
questao_141,2022,MT,E,3,B,E,2,False,0.26313
questao_141,2022,MT,E,4,A,E,3,False,0.293383
questao_142,2022,MT,A,0,A,E,4,False,0.376418
questao_142,2022,MT,A,1,E,E,0,True,0.282234
questao_142,2022,MT,A,2,D,E,1,False,0.3679
questao_142,2022,MT,A,3,C,E,2,False,0.364067
questao_142,2022,MT,A,4,B,E,3,False,0.447155
questao_143,2022,MT,B,0,B,E,4,False,0.599528
questao_143,2022,MT,B,1,A,E,0,False,0.474367
questao_143,2022,MT,B,2,E,E,1,True,0.394597
questao_143,2022,MT,B,3,D,E,2,False,0.477012
questao_143,2022,MT,B,4,C,E,3,False,0.328939
questao_144,2022,MT,D,0,D,D,3,True,0.421471
questao_144,2022,MT,D,1,C,C,3,True,0.435677
questao_144,2022,MT,D,2,B,E,1,False,0.295023
questao_144,2022,MT,D,3,A,E,2,False,0.431011
questao_144,2022,MT,D,4,E,E,3,True,0.412935
questao_145,2022,MT,D,0,D,D,3,True,0.256026
questao_145,2022,MT,D,1,C,B,2,False,0.210277
questao_145,2022,MT,D,2,B,B,3,True,0.276983
questao_145,2022,MT,D,3,A,B,4,False,0.380357
questao_145,2022,MT,D,4,E,E,3,True,0.182345
questao_147,2022,MT,E,0,E,E,4,True,0.605623
questao_147,2022,MT,E,1,D,D,4,True,0.494052
questao_147,2022,MT,E,2,C,E,1,False,0.303383
questao_147,2022,MT,E,3,B,B,4,True,0.349544
questao_147,2022,MT,E,4,A,E,3,False,0.389631
questao_149,2022,MT,D,0,D,E,4,False,0.410694
questao_149,2022,MT,D,1,C,E,0,False,0.445898
questao_149,2022,MT,D,2,B,E,1,False,0.340224
questao_149,2022,MT,D,3,A,E,2,False,0.339011
questao_149,2022,MT,D,4,E,E,3,True,0.429632
questao_150,2022,MT,B,0,B,E,4,False,0.247576
questao_150,2022,MT,B,1,A,E,0,False,0.249784
questao_150,2022,MT,B,2,E,E,1,True,0.250101
questao_150,2022,MT,B,3,D,E,2,False,0.304278
questao_150,2022,MT,B,4,C,E,3,False,0.302212
questao_151,2022,MT,A,0,A,D,3,False,0.501292
questao_151,2022,MT,A,1,E,C,3,False,0.274424
questao_151,2022,MT,A,2,D,C,4,False,0.33686
questao_151,2022,MT,A,3,C,E,2,False,0.27525
questao_151,2022,MT,A,4,B,E,3,False,0.328751
questao_152,2022,MT,A,0,A,E,4,False,0.206787
questao_152,2022,MT,A,1,E,E,0,True,0.234349
questao_152,2022,MT,A,2,D,E,1,False,0.208731
questao_152,2022,MT,A,3,C,B,4,False,0.172396
questao_152,2022,MT,A,4,B,E,3,False,0.189664
questao_153,2022,MT,A,0,A,E,4,False,0.343651
questao_153,2022,MT,A,1,E,C,3,False,0.317612
questao_153,2022,MT,A,2,D,E,1,False,0.311241
questao_153,2022,MT,A,3,C,E,2,False,0.278205
questao_153,2022,MT,A,4,B,E,3,False,0.369637
questao_154,2022,MT,A,0,A,B,1,False,0.362625
questao_154,2022,MT,A,1,E,E,0,True,0.253806
questao_154,2022,MT,A,2,D,D,0,True,0.271059
questao_154,2022,MT,A,3,C,D,1,False,0.460417
questao_154,2022,MT,A,4,B,C,1,False,0.406258
questao_158,2022,MT,C,0,C,E,4,False,0.5961
questao_158,2022,MT,C,1,B,E,0,False,0.378399
questao_158,2022,MT,C,2,A,E,1,False,0.39224
questao_158,2022,MT,C,3,E,E,2,True,0.505673
questao_158,2022,MT,C,4,D,E,3,False,0.432941
questao_159,2022,MT,B,0,B,E,4,False,0.392978
questao_159,2022,MT,B,1,A,E,0,False,0.359826
questao_159,2022,MT,B,2,E,E,1,True,0.415651
questao_159,2022,MT,B,3,D,E,2,False,0.297236
questao_159,2022,MT,B,4,C,E,3,False,0.283553
questao_160,2022,MT,C,0,C,D,3,False,0.465279
questao_160,2022,MT,C,1,B,D,4,False,0.384757
questao_160,2022,MT,C,2,A,E,1,False,0.226571
questao_160,2022,MT,C,3,E,E,2,True,0.302949
questao_160,2022,MT,C,4,D,E,3,False,0.419825
questao_161,2022,MT,C,0,C,E,4,False,0.256664
questao_161,2022,MT,C,1,B,E,0,False,0.276715
questao_161,2022,MT,C,2,A,E,1,False,0.211769
questao_161,2022,MT,C,3,E,E,2,True,0.338058
questao_161,2022,MT,C,4,D,E,3,False,0.242955
questao_162,2022,MT,C,0,C,E,4,False,0.446623
questao_162,2022,MT,C,1,B,E,0,False,0.396743
questao_162,2022,MT,C,2,A,E,1,False,0.487902
questao_162,2022,MT,C,3,E,E,2,True,0.518576
questao_162,2022,MT,C,4,D,E,3,False,0.549191
questao_163,2022,MT,B,0,B,E,4,False,0.340364
questao_163,2022,MT,B,1,A,E,0,False,0.315211
questao_163,2022,MT,B,2,E,E,1,True,0.348615
questao_163,2022,MT,B,3,D,D,1,True,0.354969
questao_163,2022,MT,B,4,C,E,3,False,0.243485
questao_164,2022,MT,C,0,C,E,4,False,0.498908
questao_164,2022,MT,C,1,B,D,4,False,0.300744
questao_164,2022,MT,C,2,A,C,4,False,0.352287
questao_164,2022,MT,C,3,E,E,2,True,0.282844
questao_164,2022,MT,C,4,D,B,0,False,0.290493
questao_166,2022,MT,D,0,D,D,3,True,0.311382
questao_166,2022,MT,D,1,C,D,4,False,0.441701
questao_166,2022,MT,D,2,B,C,4,False,0.392997
questao_166,2022,MT,D,3,A,D,1,False,0.245256
questao_166,2022,MT,D,4,E,E,3,True,0.330002
questao_167,2022,MT,B,0,B,D,3,False,0.252088
questao_167,2022,MT,B,1,A,D,4,False,0.6723
questao_167,2022,MT,B,2,E,C,4,False,0.472809
questao_167,2022,MT,B,3,D,B,4,False,0.529832
questao_167,2022,MT,B,4,C,E,3,False,0.384187
questao_169,2022,MT,E,0,E,C,2,False,0.241779
questao_169,2022,MT,E,1,D,B,2,False,0.240666
questao_169,2022,MT,E,2,C,E,1,False,0.187931
questao_169,2022,MT,E,3,B,E,2,False,0.209642
questao_169,2022,MT,E,4,A,D,2,False,0.223636
questao_170,2022,MT,E,0,E,D,3,False,0.212794
questao_170,2022,MT,E,1,D,E,0,False,0.272349
questao_170,2022,MT,E,2,C,E,1,False,0.373352
questao_170,2022,MT,E,3,B,E,2,False,0.447164
questao_170,2022,MT,E,4,A,E,3,False,0.441769
questao_171,2022,MT,C,0,C,D,3,False,0.326728
questao_171,2022,MT,C,1,B,D,4,False,0.419664
questao_171,2022,MT,C,2,A,E,1,False,0.424074
questao_171,2022,MT,C,3,E,E,2,True,0.50076
questao_171,2022,MT,C,4,D,E,3,False,0.566503
questao_172,2022,MT,B,0,B,D,3,False,0.191104
questao_172,2022,MT,B,1,A,E,0,False,0.180027
questao_172,2022,MT,B,2,E,C,4,False,0.250298
questao_172,2022,MT,B,3,D,E,2,False,0.226585
questao_172,2022,MT,B,4,C,E,3,False,0.277625
questao_173,2022,MT,D,0,D,C,2,False,0.183137
questao_173,2022,MT,D,1,C,C,3,True,0.220628
questao_173,2022,MT,D,2,B,B,3,True,0.22527
questao_173,2022,MT,D,3,A,B,4,False,0.26837
questao_173,2022,MT,D,4,E,C,1,False,0.183101
questao_174,2022,MT,C,0,C,C,2,True,0.204657
questao_174,2022,MT,C,1,B,E,0,False,0.24349
questao_174,2022,MT,C,2,A,E,1,False,0.328686
questao_174,2022,MT,C,3,E,E,2,True,0.297971
questao_174,2022,MT,C,4,D,E,3,False,0.27989
questao_175,2022,MT,A,0,A,E,4,False,0.198379
questao_175,2022,MT,A,1,E,E,0,True,0.216439
questao_175,2022,MT,A,2,D,E,1,False,0.231008
questao_175,2022,MT,A,3,C,E,2,False,0.202409
questao_175,2022,MT,A,4,B,B,0,True,0.19218
questao_176,2022,MT,B,0,B,C,2,False,0.305531
questao_176,2022,MT,B,1,A,C,3,False,0.285419
questao_176,2022,MT,B,2,E,C,4,False,0.288037
questao_176,2022,MT,B,3,D,E,2,False,0.493285
questao_176,2022,MT,B,4,C,D,2,False,0.306824
questao_179,2022,MT,C,0,C,E,4,False,0.279636
questao_179,2022,MT,C,1,B,E,0,False,0.306134
questao_179,2022,MT,C,2,A,E,1,False,0.243038
questao_179,2022,MT,C,3,E,E,2,True,0.259986
questao_179,2022,MT,C,4,D,E,3,False,0.253414
questao_01,2023,LC,B,0,B,B,1,True,0.684895
questao_01,2023,LC,B,1,A,A,1,True,0.527661
questao_01,2023,LC,B,2,E,E,1,True,0.859748
questao_01,2023,LC,B,3,D,D,1,True,0.874049
questao_01,2023,LC,B,4,C,C,1,True,0.746124
questao_02,2023,LC,D,0,D,D,3,True,0.72641
questao_02,2023,LC,D,1,C,C,3,True,0.472706
questao_02,2023,LC,D,2,B,E,1,False,0.336839
questao_02,2023,LC,D,3,A,E,2,False,0.563468
questao_02,2023,LC,D,4,E,E,3,True,0.762854
questao_05,2023,LC,A,0,A,A,0,True,0.521369
questao_05,2023,LC,A,1,E,E,0,True,0.858228
questao_05,2023,LC,A,2,D,D,0,True,0.697259
questao_05,2023,LC,A,3,C,C,0,True,0.604139
questao_05,2023,LC,A,4,B,B,0,True,0.490817
questao_06,2023,LC,A,0,A,A,0,True,0.437692
questao_06,2023,LC,A,1,E,E,0,True,0.337166
questao_06,2023,LC,A,2,D,D,0,True,0.35225
questao_06,2023,LC,A,3,C,C,0,True,0.251898
questao_06,2023,LC,A,4,B,B,0,True,0.439179
questao_08,2023,LC,E,0,E,E,4,True,0.467153
questao_08,2023,LC,E,1,D,D,4,True,0.383455
questao_08,2023,LC,E,2,C,E,1,False,0.297734
questao_08,2023,LC,E,3,B,B,4,True,0.368853
questao_08,2023,LC,E,4,A,A,4,True,0.298802
questao_09,2023,LC,C,0,C,D,3,False,0.509236
questao_09,2023,LC,C,1,B,B,2,True,0.493401
questao_09,2023,LC,C,2,A,B,3,False,0.386652
questao_09,2023,LC,C,3,E,E,2,True,0.394868
questao_09,2023,LC,C,4,D,E,3,False,0.754622
questao_10,2023,LC,B,0,B,B,1,True,0.292804
questao_10,2023,LC,B,1,A,D,4,False,0.24145
questao_10,2023,LC,B,2,E,E,1,True,0.283053
questao_10,2023,LC,B,3,D,D,1,True,0.420101
questao_10,2023,LC,B,4,C,E,3,False,0.279045
questao_11,2023,LC,B,0,B,E,4,False,0.528115
questao_11,2023,LC,B,1,A,D,4,False,0.596073
questao_11,2023,LC,B,2,E,E,1,True,0.478469
questao_11,2023,LC,B,3,D,D,1,True,0.668823
questao_11,2023,LC,B,4,C,C,1,True,0.336369
questao_12,2023,LC,E,0,E,E,4,True,0.891164
questao_12,2023,LC,E,1,D,D,4,True,0.889381
questao_12,2023,LC,E,2,C,C,4,True,0.558933
questao_12,2023,LC,E,3,B,B,4,True,0.754075
questao_12,2023,LC,E,4,A,A,4,True,0.436715
questao_13,2023,LC,A,0,A,A,0,True,0.451975
questao_13,2023,LC,A,1,E,E,0,True,0.929759
questao_13,2023,LC,A,2,D,D,0,True,0.884085
questao_13,2023,LC,A,3,C,C,0,True,0.798096
questao_13,2023,LC,A,4,B,B,0,True,0.808796
questao_14,2023,LC,A,0,A,E,4,False,0.547356
questao_14,2023,LC,A,1,E,D,4,False,0.544944
questao_14,2023,LC,A,2,D,C,4,False,0.264548
questao_14,2023,LC,A,3,C,E,2,False,0.243192
questao_14,2023,LC,A,4,B,E,3,False,0.281253
questao_15,2023,LC,C,0,C,C,2,True,0.352205
questao_15,2023,LC,C,1,B,B,2,True,0.477715
questao_15,2023,LC,C,2,A,E,1,False,0.29641
questao_15,2023,LC,C,3,E,E,2,True,0.553006
questao_15,2023,LC,C,4,D,D,2,True,0.708457
questao_16,2023,LC,A,0,A,A,0,True,0.577321
questao_16,2023,LC,A,1,E,E,0,True,0.896119
questao_16,2023,LC,A,2,D,D,0,True,0.840909
questao_16,2023,LC,A,3,C,C,0,True,0.700845
questao_16,2023,LC,A,4,B,B,0,True,0.7059
questao_17,2023,LC,A,0,A,A,0,True,0.395498
questao_17,2023,LC,A,1,E,E,0,True,0.559472
questao_17,2023,LC,A,2,D,D,0,True,0.531867
questao_17,2023,LC,A,3,C,C,0,True,0.413644
questao_17,2023,LC,A,4,B,B,0,True,0.523221
questao_20,2023,LC,E,0,E,B,1,False,0.344192
questao_20,2023,LC,E,1,D,E,0,False,0.316192
questao_20,2023,LC,E,2,C,E,1,False,0.391713
questao_20,2023,LC,E,3,B,D,1,False,0.331688
questao_20,2023,LC,E,4,A,C,1,False,0.287966
questao_21,2023,LC,A,0,A,E,4,False,0.453838
questao_21,2023,LC,A,1,E,D,4,False,0.446487
questao_21,2023,LC,A,2,D,C,4,False,0.533406
questao_21,2023,LC,A,3,C,B,4,False,0.326777
questao_21,2023,LC,A,4,B,B,0,True,0.363341
questao_22,2023,LC,C,0,C,E,4,False,0.47633
questao_22,2023,LC,C,1,B,D,4,False,0.574024
questao_22,2023,LC,C,2,A,C,4,False,0.556497
questao_22,2023,LC,C,3,E,B,4,False,0.376392
questao_22,2023,LC,C,4,D,D,2,True,0.279386
questao_23,2023,LC,B,0,B,E,4,False,0.327252
questao_23,2023,LC,B,1,A,E,0,False,0.214975
questao_23,2023,LC,B,2,E,E,1,True,0.47858
questao_23,2023,LC,B,3,D,D,1,True,0.347899
questao_23,2023,LC,B,4,C,E,3,False,0.257534
questao_24,2023,LC,C,0,C,E,4,False,0.285305
questao_24,2023,LC,C,1,B,E,0,False,0.432587
questao_24,2023,LC,C,2,A,D,0,False,0.384992
questao_24,2023,LC,C,3,E,D,1,False,0.306075
questao_24,2023,LC,C,4,D,B,0,False,0.513287
questao_25,2023,LC,A,0,A,E,4,False,0.237119
questao_25,2023,LC,A,1,E,E,0,True,0.291057
questao_25,2023,LC,A,2,D,E,1,False,0.26504
questao_25,2023,LC,A,3,C,E,2,False,0.442019
questao_25,2023,LC,A,4,B,D,2,False,0.380964
questao_26,2023,LC,C,0,C,E,4,False,0.303913
questao_26,2023,LC,C,1,B,E,0,False,0.211085
questao_26,2023,LC,C,2,A,E,1,False,0.429093
questao_26,2023,LC,C,3,E,E,2,True,0.573321
questao_26,2023,LC,C,4,D,D,2,True,0.423609
questao_27,2023,LC,C,0,C,C,2,True,0.605988
questao_27,2023,LC,C,1,B,B,2,True,0.657497
questao_27,2023,LC,C,2,A,A,2,True,0.460714
questao_27,2023,LC,C,3,E,E,2,True,0.823503
questao_27,2023,LC,C,4,D,D,2,True,0.846589
questao_28,2023,LC,C,0,C,B,1,False,0.658991
questao_28,2023,LC,C,1,B,A,1,False,0.473675
questao_28,2023,LC,C,2,A,E,1,False,0.619614
questao_28,2023,LC,C,3,E,D,1,False,0.786335
questao_28,2023,LC,C,4,D,C,1,False,0.581372
questao_30,2023,LC,D,0,D,D,3,True,0.542157
questao_30,2023,LC,D,1,C,C,3,True,0.369981
questao_30,2023,LC,D,2,B,B,3,True,0.702179
questao_30,2023,LC,D,3,A,A,3,True,0.504317
questao_30,2023,LC,D,4,E,E,3,True,0.553887
questao_31,2023,LC,E,0,E,D,3,False,0.520772
questao_31,2023,LC,E,1,D,C,3,False,0.41919
questao_31,2023,LC,E,2,C,B,3,False,0.452752
questao_31,2023,LC,E,3,B,B,4,True,0.367471
questao_31,2023,LC,E,4,A,E,3,False,0.724116
questao_32,2023,LC,D,0,D,D,3,True,0.625488
questao_32,2023,LC,D,1,C,C,3,True,0.389048
questao_32,2023,LC,D,2,B,D,0,False,0.497659
questao_32,2023,LC,D,3,A,C,0,False,0.322456
questao_32,2023,LC,D,4,E,E,3,True,0.729499
questao_33,2023,LC,A,0,A,B,1,False,0.442831
questao_33,2023,LC,A,1,E,A,1,False,0.449254
questao_33,2023,LC,A,2,D,D,0,True,0.678259
questao_33,2023,LC,A,3,C,D,1,False,0.629936
questao_33,2023,LC,A,4,B,B,0,True,0.505673
questao_34,2023,LC,D,0,D,D,3,True,0.579926
questao_34,2023,LC,D,1,C,C,3,True,0.401622
questao_34,2023,LC,D,2,B,B,3,True,0.48971
questao_34,2023,LC,D,3,A,A,3,True,0.267066
questao_34,2023,LC,D,4,E,E,3,True,0.546661
questao_35,2023,LC,B,0,B,E,4,False,0.269404
questao_35,2023,LC,B,1,A,E,0,False,0.303889
questao_35,2023,LC,B,2,E,E,1,True,0.401925
questao_35,2023,LC,B,3,D,D,1,True,0.301424
questao_35,2023,LC,B,4,C,E,3,False,0.254283
questao_36,2023,LC,D,0,D,B,1,False,0.332107
questao_36,2023,LC,D,1,C,B,2,False,0.327635
questao_36,2023,LC,D,2,B,E,1,False,0.569577
questao_36,2023,LC,D,3,A,E,2,False,0.432971
questao_36,2023,LC,D,4,E,E,3,True,0.51548
questao_37,2023,LC,B,0,B,B,1,True,0.579707
questao_37,2023,LC,B,1,A,A,1,True,0.483147
questao_37,2023,LC,B,2,E,E,1,True,0.576716
questao_37,2023,LC,B,3,D,D,1,True,0.62766
questao_37,2023,LC,B,4,C,C,1,True,0.535709
questao_38,2023,LC,E,0,E,E,4,True,0.678169
questao_38,2023,LC,E,1,D,D,4,True,0.52134
questao_38,2023,LC,E,2,C,C,4,True,0.564816
questao_38,2023,LC,E,3,B,B,4,True,0.566437
questao_38,2023,LC,E,4,A,B,0,False,0.330606
questao_39,2023,LC,E,0,E,E,4,True,0.936532
questao_39,2023,LC,E,1,D,D,4,True,0.885304
questao_39,2023,LC,E,2,C,C,4,True,0.686209
questao_39,2023,LC,E,3,B,B,4,True,0.819253
questao_39,2023,LC,E,4,A,A,4,True,0.790983
questao_40,2023,LC,D,0,D,D,3,True,0.581067
questao_40,2023,LC,D,1,C,E,0,False,0.293473
questao_40,2023,LC,D,2,B,E,1,False,0.368893
questao_40,2023,LC,D,3,A,E,2,False,0.380985
questao_40,2023,LC,D,4,E,E,3,True,0.640522
questao_41,2023,LC,D,0,D,E,4,False,0.262023
questao_41,2023,LC,D,1,C,E,0,False,0.349477
questao_41,2023,LC,D,2,B,E,1,False,0.562131
questao_41,2023,LC,D,3,A,E,2,False,0.7777
questao_41,2023,LC,D,4,E,E,3,True,0.498361
questao_42,2023,LC,A,0,A,E,4,False,0.400608
questao_42,2023,LC,A,1,E,D,4,False,0.542984
questao_42,2023,LC,A,2,D,D,0,True,0.28934
questao_42,2023,LC,A,3,C,B,4,False,0.31693
questao_42,2023,LC,A,4,B,B,0,True,0.27116
questao_43,2023,LC,C,0,C,C,2,True,0.366267
questao_43,2023,LC,C,1,B,B,2,True,0.458725
questao_43,2023,LC,C,2,A,A,2,True,0.312933
questao_43,2023,LC,C,3,E,E,2,True,0.315882
questao_43,2023,LC,C,4,D,D,2,True,0.323933
questao_44,2023,LC,C,0,C,D,3,False,0.326794
questao_44,2023,LC,C,1,B,D,4,False,0.309885
questao_44,2023,LC,C,2,A,D,0,False,0.262699
questao_44,2023,LC,C,3,E,B,4,False,0.300006
questao_44,2023,LC,C,4,D,B,0,False,0.256199
questao_45,2023,LC,C,0,C,D,3,False,0.191633
questao_45,2023,LC,C,1,B,E,0,False,0.271482
questao_45,2023,LC,C,2,A,E,1,False,0.336323
questao_45,2023,LC,C,3,E,E,2,True,0.290554
questao_45,2023,LC,C,4,D,D,2,True,0.275501
questao_46,2023,CH,A,0,A,E,4,False,0.35852
questao_46,2023,CH,A,1,E,E,0,True,0.329705
questao_46,2023,CH,A,2,D,D,0,True,0.269653
questao_46,2023,CH,A,3,C,C,0,True,0.373699
questao_46,2023,CH,A,4,B,B,0,True,0.346287
questao_47,2023,CH,B,0,B,B,1,True,0.749329
questao_47,2023,CH,B,1,A,A,1,True,0.645186
questao_47,2023,CH,B,2,E,E,1,True,0.881705
questao_47,2023,CH,B,3,D,D,1,True,0.878203
questao_47,2023,CH,B,4,C,C,1,True,0.733381
questao_48,2023,CH,C,0,C,E,4,False,0.346771
questao_48,2023,CH,C,1,B,E,0,False,0.33113
questao_48,2023,CH,C,2,A,E,1,False,0.515445
questao_48,2023,CH,C,3,E,E,2,True,0.421614
questao_48,2023,CH,C,4,D,E,3,False,0.599098
questao_49,2023,CH,D,0,D,D,3,True,0.779074
questao_49,2023,CH,D,1,C,C,3,True,0.652768
questao_49,2023,CH,D,2,B,B,3,True,0.328853
questao_49,2023,CH,D,3,A,E,2,False,0.440759
questao_49,2023,CH,D,4,E,D,2,False,0.419374
questao_50,2023,CH,C,0,C,C,2,True,0.40931
questao_50,2023,CH,C,1,B,E,0,False,0.658266
questao_50,2023,CH,C,2,A,D,0,False,0.676486
questao_50,2023,CH,C,3,E,E,2,True,0.704297
questao_50,2023,CH,C,4,D,D,2,True,0.85315
questao_51,2023,CH,B,0,B,B,1,True,0.747162
questao_51,2023,CH,B,1,A,A,1,True,0.424415
questao_51,2023,CH,B,2,E,E,1,True,0.895102
questao_51,2023,CH,B,3,D,D,1,True,0.897513
questao_51,2023,CH,B,4,C,C,1,True,0.819007
questao_52,2023,CH,D,0,D,D,3,True,0.661942
questao_52,2023,CH,D,1,C,C,3,True,0.299941
questao_52,2023,CH,D,2,B,B,3,True,0.523784
questao_52,2023,CH,D,3,A,E,2,False,0.471387
questao_52,2023,CH,D,4,E,E,3,True,0.817602
questao_55,2023,CH,D,0,D,D,3,True,0.714923
questao_55,2023,CH,D,1,C,C,3,True,0.562869
questao_55,2023,CH,D,2,B,B,3,True,0.536584
questao_55,2023,CH,D,3,A,A,3,True,0.263225
questao_55,2023,CH,D,4,E,E,3,True,0.626512
questao_56,2023,CH,A,0,A,A,0,True,0.358188
questao_56,2023,CH,A,1,E,E,0,True,0.394405
questao_56,2023,CH,A,2,D,D,0,True,0.606905
questao_56,2023,CH,A,3,C,C,0,True,0.553251
questao_56,2023,CH,A,4,B,B,0,True,0.63213
questao_57,2023,CH,E,0,E,E,4,True,0.825968
questao_57,2023,CH,E,1,D,D,4,True,0.728582
questao_57,2023,CH,E,2,C,C,4,True,0.544144
questao_57,2023,CH,E,3,B,B,4,True,0.540759
questao_57,2023,CH,E,4,A,E,3,False,0.435246
questao_58,2023,CH,A,0,A,E,4,False,0.851321
questao_58,2023,CH,A,1,E,E,0,True,0.599291
questao_58,2023,CH,A,2,D,C,4,False,0.400206
questao_58,2023,CH,A,3,C,B,4,False,0.331066
questao_58,2023,CH,A,4,B,B,0,True,0.361962
questao_60,2023,CH,E,0,E,E,4,True,0.383872
questao_60,2023,CH,E,1,D,E,0,False,0.351974
questao_60,2023,CH,E,2,C,E,1,False,0.255044
questao_60,2023,CH,E,3,B,E,2,False,0.308626
questao_60,2023,CH,E,4,A,E,3,False,0.318305
questao_61,2023,CH,E,0,E,E,4,True,0.717763
questao_61,2023,CH,E,1,D,D,4,True,0.784791
questao_61,2023,CH,E,2,C,C,4,True,0.563027
questao_61,2023,CH,E,3,B,B,4,True,0.503903
questao_61,2023,CH,E,4,A,A,4,True,0.259608
questao_62,2023,CH,C,0,C,E,4,False,0.446223
questao_62,2023,CH,C,1,B,E,0,False,0.428328
questao_62,2023,CH,C,2,A,E,1,False,0.431602
questao_62,2023,CH,C,3,E,E,2,True,0.479374
questao_62,2023,CH,C,4,D,E,3,False,0.383095
questao_63,2023,CH,A,0,A,E,4,False,0.525777
questao_63,2023,CH,A,1,E,E,0,True,0.807594
questao_63,2023,CH,A,2,D,D,0,True,0.690753
questao_63,2023,CH,A,3,C,C,0,True,0.327845
questao_63,2023,CH,A,4,B,B,0,True,0.484285
questao_64,2023,CH,B,0,B,E,4,False,0.460202
questao_64,2023,CH,B,1,A,E,0,False,0.311772
questao_64,2023,CH,B,2,E,E,1,True,0.604223
questao_64,2023,CH,B,3,D,D,1,True,0.334131
questao_64,2023,CH,B,4,C,E,3,False,0.27721
questao_65,2023,CH,A,0,A,E,4,False,0.35774
questao_65,2023,CH,A,1,E,E,0,True,0.365965
questao_65,2023,CH,A,2,D,D,0,True,0.265046
questao_65,2023,CH,A,3,C,E,2,False,0.227456
questao_65,2023,CH,A,4,B,E,3,False,0.388362
questao_67,2023,CH,B,0,B,B,1,True,0.250032
questao_67,2023,CH,B,1,A,E,0,False,0.380885
questao_67,2023,CH,B,2,E,E,1,True,0.416091
questao_67,2023,CH,B,3,D,D,1,True,0.319762
questao_67,2023,CH,B,4,C,E,3,False,0.248964
questao_68,2023,CH,E,0,E,E,4,True,0.253139
questao_68,2023,CH,E,1,D,D,4,True,0.430333
questao_68,2023,CH,E,2,C,C,4,True,0.262997
questao_68,2023,CH,E,3,B,E,2,False,0.329801
questao_68,2023,CH,E,4,A,D,2,False,0.304991
questao_69,2023,CH,A,0,A,E,4,False,0.44377
questao_69,2023,CH,A,1,E,E,0,True,0.862428
questao_69,2023,CH,A,2,D,D,0,True,0.665145
questao_69,2023,CH,A,3,C,C,0,True,0.684139
questao_69,2023,CH,A,4,B,B,0,True,0.673831
questao_70,2023,CH,B,0,B,B,1,True,0.650683
questao_70,2023,CH,B,1,A,A,1,True,0.35072
questao_70,2023,CH,B,2,E,E,1,True,0.487117
questao_70,2023,CH,B,3,D,D,1,True,0.40178
questao_70,2023,CH,B,4,C,E,3,False,0.573257
questao_71,2023,CH,A,0,A,E,4,False,0.284118
questao_71,2023,CH,A,1,E,E,0,True,0.519013
questao_71,2023,CH,A,2,D,D,0,True,0.482426
questao_71,2023,CH,A,3,C,C,0,True,0.242477
questao_71,2023,CH,A,4,B,E,3,False,0.332773
questao_72,2023,CH,D,0,D,D,3,True,0.838283
questao_72,2023,CH,D,1,C,C,3,True,0.556144
questao_72,2023,CH,D,2,B,B,3,True,0.378549
questao_72,2023,CH,D,3,A,E,2,False,0.303929
questao_72,2023,CH,D,4,E,E,3,True,0.508736
questao_73,2023,CH,E,0,E,C,2,False,0.369041
questao_73,2023,CH,E,1,D,B,2,False,0.326519
questao_73,2023,CH,E,2,C,E,1,False,0.295743
questao_73,2023,CH,E,3,B,E,2,False,0.795904
questao_73,2023,CH,E,4,A,D,2,False,0.529099
questao_74,2023,CH,B,0,B,B,1,True,0.835059
questao_74,2023,CH,B,1,A,A,1,True,0.633666
questao_74,2023,CH,B,2,E,E,1,True,0.911119
questao_74,2023,CH,B,3,D,D,1,True,0.880778
questao_74,2023,CH,B,4,C,C,1,True,0.85399
questao_75,2023,CH,A,0,A,E,4,False,0.633076
questao_75,2023,CH,A,1,E,E,0,True,0.733912
questao_75,2023,CH,A,2,D,D,0,True,0.338088
questao_75,2023,CH,A,3,C,E,2,False,0.656226
questao_75,2023,CH,A,4,B,E,3,False,0.563985
questao_76,2023,CH,A,0,A,A,0,True,0.383169
questao_76,2023,CH,A,1,E,E,0,True,0.846672
questao_76,2023,CH,A,2,D,D,0,True,0.823764
questao_76,2023,CH,A,3,C,C,0,True,0.63464
questao_76,2023,CH,A,4,B,B,0,True,0.616886
questao_77,2023,CH,B,0,B,B,1,True,0.669839
questao_77,2023,CH,B,1,A,A,1,True,0.443521
questao_77,2023,CH,B,2,E,E,1,True,0.876911
questao_77,2023,CH,B,3,D,D,1,True,0.858505
questao_77,2023,CH,B,4,C,C,1,True,0.681963
questao_78,2023,CH,C,0,C,E,4,False,0.445673
questao_78,2023,CH,C,1,B,B,2,True,0.325288
questao_78,2023,CH,C,2,A,E,1,False,0.390155
questao_78,2023,CH,C,3,E,E,2,True,0.759245
questao_78,2023,CH,C,4,D,D,2,True,0.45429
questao_79,2023,CH,D,0,D,D,3,True,0.399419
questao_79,2023,CH,D,1,C,C,3,True,0.371141
questao_79,2023,CH,D,2,B,B,3,True,0.427143
questao_79,2023,CH,D,3,A,A,3,True,0.281448
questao_79,2023,CH,D,4,E,E,3,True,0.367331
questao_80,2023,CH,C,0,C,D,3,False,0.290392
questao_80,2023,CH,C,1,B,B,2,True,0.252803
questao_80,2023,CH,C,2,A,E,1,False,0.232122
questao_80,2023,CH,C,3,E,D,1,False,0.353437
questao_80,2023,CH,C,4,D,D,2,True,0.457894
questao_81,2023,CH,A,0,A,E,4,False,0.434052
questao_81,2023,CH,A,1,E,E,0,True,0.45396
questao_81,2023,CH,A,2,D,E,1,False,0.310685
questao_81,2023,CH,A,3,C,E,2,False,0.30416
questao_81,2023,CH,A,4,B,E,3,False,0.470931
questao_83,2023,CH,A,0,A,E,4,False,0.361271
questao_83,2023,CH,A,1,E,E,0,True,0.6524
questao_83,2023,CH,A,2,D,D,0,True,0.380338
questao_83,2023,CH,A,3,C,C,0,True,0.307733
questao_83,2023,CH,A,4,B,B,0,True,0.440306
questao_84,2023,CH,D,0,D,D,3,True,0.312771
questao_84,2023,CH,D,1,C,C,3,True,0.29876
questao_84,2023,CH,D,2,B,B,3,True,0.302699
questao_84,2023,CH,D,3,A,E,2,False,0.439288
questao_84,2023,CH,D,4,E,D,2,False,0.393246
questao_85,2023,CH,C,0,C,B,1,False,0.321691
questao_85,2023,CH,C,1,B,E,0,False,0.255222
questao_85,2023,CH,C,2,A,E,1,False,0.659491
questao_85,2023,CH,C,3,E,D,1,False,0.625472
questao_85,2023,CH,C,4,D,C,1,False,0.410043
questao_87,2023,CH,A,0,A,A,0,True,0.626923
questao_87,2023,CH,A,1,E,E,0,True,0.620622
questao_87,2023,CH,A,2,D,D,0,True,0.883713
questao_87,2023,CH,A,3,C,C,0,True,0.763614
questao_87,2023,CH,A,4,B,B,0,True,0.832409
questao_88,2023,CH,A,0,A,A,0,True,0.369812
questao_88,2023,CH,A,1,E,E,0,True,0.872267
questao_88,2023,CH,A,2,D,D,0,True,0.851885
questao_88,2023,CH,A,3,C,C,0,True,0.756572
questao_88,2023,CH,A,4,B,B,0,True,0.664348
questao_89,2023,CH,D,0,D,D,3,True,0.893571
questao_89,2023,CH,D,1,C,C,3,True,0.686853
questao_89,2023,CH,D,2,B,B,3,True,0.714029
questao_89,2023,CH,D,3,A,A,3,True,0.628256
questao_89,2023,CH,D,4,E,E,3,True,0.919797
questao_90,2023,CH,E,0,E,E,4,True,0.304639
questao_90,2023,CH,E,1,D,B,2,False,0.289319
questao_90,2023,CH,E,2,C,E,1,False,0.375463
questao_90,2023,CH,E,3,B,E,2,False,0.438445
questao_90,2023,CH,E,4,A,E,3,False,0.389357
questao_91,2023,CN,C,0,C,C,2,True,0.510644
questao_91,2023,CN,C,1,B,B,2,True,0.581975
questao_91,2023,CN,C,2,A,E,1,False,0.319338
questao_91,2023,CN,C,3,E,E,2,True,0.710566
questao_91,2023,CN,C,4,D,D,2,True,0.53811
questao_93,2023,CN,D,0,D,D,3,True,0.850811
questao_93,2023,CN,D,1,C,C,3,True,0.322147
questao_93,2023,CN,D,2,B,B,3,True,0.731412
questao_93,2023,CN,D,3,A,A,3,True,0.256909
questao_93,2023,CN,D,4,E,E,3,True,0.519832
questao_94,2023,CN,A,0,A,C,2,False,0.317712
questao_94,2023,CN,A,1,E,B,2,False,0.342755
questao_94,2023,CN,A,2,D,E,1,False,0.310522
questao_94,2023,CN,A,3,C,E,2,False,0.567306
questao_94,2023,CN,A,4,B,D,2,False,0.460339
questao_96,2023,CN,E,0,E,D,3,False,0.747685
questao_96,2023,CN,E,1,D,C,3,False,0.494391
questao_96,2023,CN,E,2,C,D,0,False,0.592447
questao_96,2023,CN,E,3,B,C,0,False,0.227221
questao_96,2023,CN,E,4,A,E,3,False,0.57497
questao_99,2023,CN,E,0,E,D,3,False,0.378637
questao_99,2023,CN,E,1,D,D,4,True,0.759758
questao_99,2023,CN,E,2,C,C,4,True,0.39275
questao_99,2023,CN,E,3,B,E,2,False,0.49534
questao_99,2023,CN,E,4,A,E,3,False,0.403478
questao_102,2023,CN,D,0,D,D,3,True,0.480354
questao_102,2023,CN,D,1,C,C,3,True,0.388296
questao_102,2023,CN,D,2,B,B,3,True,0.243823
questao_102,2023,CN,D,3,A,A,3,True,0.201382
questao_102,2023,CN,D,4,E,E,3,True,0.421921
questao_103,2023,CN,B,0,B,C,2,False,0.24648
questao_103,2023,CN,B,1,A,B,2,False,0.270861
questao_103,2023,CN,B,2,E,E,1,True,0.266746
questao_103,2023,CN,B,3,D,E,2,False,0.274101
questao_103,2023,CN,B,4,C,E,3,False,0.291376
questao_105,2023,CN,D,0,D,C,2,False,0.341989
questao_105,2023,CN,D,1,C,D,4,False,0.529904
questao_105,2023,CN,D,2,B,A,2,False,0.234993
questao_105,2023,CN,D,3,A,E,2,False,0.235984
questao_105,2023,CN,D,4,E,A,4,False,0.295613
questao_106,2023,CN,C,0,C,E,4,False,0.435652
questao_106,2023,CN,C,1,B,D,4,False,0.261653
questao_106,2023,CN,C,2,A,E,1,False,0.348645
questao_106,2023,CN,C,3,E,E,2,True,0.499739
questao_106,2023,CN,C,4,D,D,2,True,0.407814
questao_107,2023,CN,C,0,C,E,4,False,0.263422
questao_107,2023,CN,C,1,B,E,0,False,0.274978
questao_107,2023,CN,C,2,A,E,1,False,0.21376
questao_107,2023,CN,C,3,E,E,2,True,0.196447
questao_107,2023,CN,C,4,D,E,3,False,0.212128
questao_110,2023,CN,B,0,B,E,4,False,0.246178
questao_110,2023,CN,B,1,A,E,0,False,0.266691
questao_110,2023,CN,B,2,E,E,1,True,0.634052
questao_110,2023,CN,B,3,D,D,1,True,0.586329
questao_110,2023,CN,B,4,C,D,2,False,0.304133
questao_112,2023,CN,A,0,A,D,3,False,0.454229
questao_112,2023,CN,A,1,E,D,4,False,0.327651
questao_112,2023,CN,A,2,D,E,1,False,0.326473
questao_112,2023,CN,A,3,C,D,1,False,0.261387
questao_112,2023,CN,A,4,B,E,3,False,0.308131
questao_115,2023,CN,A,0,A,E,4,False,0.54894
questao_115,2023,CN,A,1,E,E,0,True,0.540847
questao_115,2023,CN,A,2,D,E,1,False,0.544583
questao_115,2023,CN,A,3,C,E,2,False,0.475876
questao_115,2023,CN,A,4,B,E,3,False,0.541975
questao_116,2023,CN,A,0,A,E,4,False,0.247714
questao_116,2023,CN,A,1,E,E,0,True,0.273282
questao_116,2023,CN,A,2,D,E,1,False,0.312564
questao_116,2023,CN,A,3,C,E,2,False,0.293556
questao_116,2023,CN,A,4,B,D,2,False,0.305737
questao_117,2023,CN,C,0,C,C,2,True,0.436315
questao_117,2023,CN,C,1,B,B,2,True,0.419995
questao_117,2023,CN,C,2,A,A,2,True,0.231232
questao_117,2023,CN,C,3,E,E,2,True,0.68478
questao_117,2023,CN,C,4,D,D,2,True,0.577497
questao_118,2023,CN,D,0,D,E,4,False,0.380549
questao_118,2023,CN,D,1,C,D,4,False,0.429827
questao_118,2023,CN,D,2,B,C,4,False,0.271406
questao_118,2023,CN,D,3,A,B,4,False,0.420058
questao_118,2023,CN,D,4,E,E,3,True,0.399353
questao_119,2023,CN,D,0,D,D,3,True,0.719291
questao_119,2023,CN,D,1,C,E,0,False,0.625863
questao_119,2023,CN,D,2,B,D,0,False,0.72707
questao_119,2023,CN,D,3,A,C,0,False,0.618536
questao_119,2023,CN,D,4,E,E,3,True,0.370807
questao_121,2023,CN,A,0,A,E,4,False,0.315319
questao_121,2023,CN,A,1,E,E,0,True,0.467856
questao_121,2023,CN,A,2,D,D,0,True,0.692985
questao_121,2023,CN,A,3,C,C,0,True,0.369618
questao_121,2023,CN,A,4,B,B,0,True,0.423987
questao_122,2023,CN,C,0,C,C,2,True,0.375116
questao_122,2023,CN,C,1,B,B,2,True,0.422874
questao_122,2023,CN,C,2,A,D,0,False,0.282436
questao_122,2023,CN,C,3,E,E,2,True,0.246905
questao_122,2023,CN,C,4,D,D,2,True,0.552526
questao_123,2023,CN,D,0,D,D,3,True,0.774445
questao_123,2023,CN,D,1,C,E,0,False,0.386876
questao_123,2023,CN,D,2,B,E,1,False,0.405782
questao_123,2023,CN,D,3,A,D,1,False,0.506669
questao_123,2023,CN,D,4,E,E,3,True,0.513781
questao_124,2023,CN,B,0,B,E,4,False,0.460063
questao_124,2023,CN,B,1,A,D,4,False,0.437765
questao_124,2023,CN,B,2,E,C,4,False,0.29915
questao_124,2023,CN,B,3,D,B,4,False,0.291528
questao_124,2023,CN,B,4,C,E,3,False,0.325646
questao_125,2023,CN,E,0,E,E,4,True,0.52336
questao_125,2023,CN,E,1,D,D,4,True,0.509863
questao_125,2023,CN,E,2,C,D,0,False,0.428354
questao_125,2023,CN,E,3,B,E,2,False,0.297996
questao_125,2023,CN,E,4,A,D,2,False,0.347018
questao_126,2023,CN,A,0,A,E,4,False,0.629522
questao_126,2023,CN,A,1,E,D,4,False,0.591629
questao_126,2023,CN,A,2,D,C,4,False,0.453619
questao_126,2023,CN,A,3,C,B,4,False,0.309324
questao_126,2023,CN,A,4,B,E,3,False,0.25462
questao_127,2023,CN,B,0,B,E,4,False,0.402744
questao_127,2023,CN,B,1,A,E,0,False,0.402059
questao_127,2023,CN,B,2,E,E,1,True,0.445825
questao_127,2023,CN,B,3,D,D,1,True,0.415248
questao_127,2023,CN,B,4,C,E,3,False,0.238022
questao_128,2023,CN,D,0,D,D,3,True,0.542288
questao_128,2023,CN,D,1,C,E,0,False,0.309172
questao_128,2023,CN,D,2,B,E,1,False,0.572527
questao_128,2023,CN,D,3,A,D,1,False,0.350922
questao_128,2023,CN,D,4,E,E,3,True,0.342656
questao_129,2023,CN,C,0,C,E,4,False,0.227447
questao_129,2023,CN,C,1,B,E,0,False,0.285938
questao_129,2023,CN,C,2,A,D,0,False,0.348076
questao_129,2023,CN,C,3,E,D,1,False,0.285881
questao_129,2023,CN,C,4,D,D,2,True,0.459752
questao_130,2023,CN,D,0,D,D,3,True,0.230994
questao_130,2023,CN,D,1,C,B,2,False,0.301001
questao_130,2023,CN,D,2,B,E,1,False,0.330484
questao_130,2023,CN,D,3,A,E,2,False,0.344073
questao_130,2023,CN,D,4,E,D,2,False,0.272573
questao_131,2023,CN,B,0,B,B,1,True,0.81108
questao_131,2023,CN,B,1,A,A,1,True,0.609862
questao_131,2023,CN,B,2,E,E,1,True,0.843938
questao_131,2023,CN,B,3,D,D,1,True,0.891789
questao_131,2023,CN,B,4,C,C,1,True,0.817226
questao_132,2023,CN,E,0,E,E,4,True,0.605911
questao_132,2023,CN,E,1,D,D,4,True,0.566511
questao_132,2023,CN,E,2,C,C,4,True,0.490342
questao_132,2023,CN,E,3,B,B,4,True,0.455082
questao_132,2023,CN,E,4,A,A,4,True,0.303917
questao_133,2023,CN,A,0,A,E,4,False,0.562253
questao_133,2023,CN,A,1,E,D,4,False,0.309382
questao_133,2023,CN,A,2,D,D,0,True,0.278551
questao_133,2023,CN,A,3,C,B,4,False,0.456881
questao_133,2023,CN,A,4,B,A,4,False,0.352898
questao_134,2023,CN,B,0,B,D,3,False,0.366819
questao_134,2023,CN,B,1,A,B,2,False,0.454937
questao_134,2023,CN,B,2,E,A,2,False,0.227669
questao_134,2023,CN,B,3,D,E,2,False,0.771733
questao_134,2023,CN,B,4,C,D,2,False,0.376721
questao_135,2023,CN,D,0,D,D,3,True,0.241527
questao_135,2023,CN,D,1,C,D,4,False,0.232109
questao_135,2023,CN,D,2,B,E,1,False,0.219831
questao_135,2023,CN,D,3,A,D,1,False,0.198326
questao_135,2023,CN,D,4,E,D,2,False,0.223325
questao_137,2023,MT,B,0,B,E,4,False,0.248326
questao_137,2023,MT,B,1,A,E,0,False,0.249458
questao_137,2023,MT,B,2,E,E,1,True,0.29725
questao_137,2023,MT,B,3,D,E,2,False,0.294617
questao_137,2023,MT,B,4,C,E,3,False,0.279789
questao_140,2023,MT,E,0,E,E,4,True,0.353124
questao_140,2023,MT,E,1,D,E,0,False,0.327748
questao_140,2023,MT,E,2,C,D,0,False,0.262536
questao_140,2023,MT,E,3,B,E,2,False,0.336291
questao_140,2023,MT,E,4,A,E,3,False,0.298732
questao_145,2023,MT,D,0,D,D,3,True,0.734371
questao_145,2023,MT,D,1,C,D,4,False,0.686835
questao_145,2023,MT,D,2,B,C,4,False,0.420371
questao_145,2023,MT,D,3,A,E,2,False,0.301417
questao_145,2023,MT,D,4,E,D,2,False,0.297845
questao_146,2023,MT,A,0,A,B,1,False,0.362984
questao_146,2023,MT,A,1,E,E,0,True,0.40759
questao_146,2023,MT,A,2,D,D,0,True,0.701479
questao_146,2023,MT,A,3,C,D,1,False,0.409061
questao_146,2023,MT,A,4,B,B,0,True,0.282871
questao_149,2023,MT,C,0,C,E,4,False,0.317848
questao_149,2023,MT,C,1,B,E,0,False,0.324576
questao_149,2023,MT,C,2,A,D,0,False,0.187526
questao_149,2023,MT,C,3,E,E,2,True,0.308153
questao_149,2023,MT,C,4,D,E,3,False,0.359699
questao_151,2023,MT,C,0,C,C,2,True,0.354394
questao_151,2023,MT,C,1,B,B,2,True,0.283553
questao_151,2023,MT,C,2,A,E,1,False,0.329277
questao_151,2023,MT,C,3,E,B,4,False,0.343075
questao_151,2023,MT,C,4,D,E,3,False,0.325227
questao_152,2023,MT,C,0,C,C,2,True,0.316971
questao_152,2023,MT,C,1,B,B,2,True,0.236757
questao_152,2023,MT,C,2,A,E,1,False,0.231487
questao_152,2023,MT,C,3,E,E,2,True,0.295907
questao_152,2023,MT,C,4,D,D,2,True,0.336585
questao_153,2023,MT,A,0,A,E,4,False,0.298035
questao_153,2023,MT,A,1,E,E,0,True,0.551362
questao_153,2023,MT,A,2,D,E,1,False,0.400986
questao_153,2023,MT,A,3,C,E,2,False,0.458835
questao_153,2023,MT,A,4,B,E,3,False,0.327709
questao_155,2023,MT,B,0,B,E,4,False,0.436179
questao_155,2023,MT,B,1,A,D,4,False,0.304512
questao_155,2023,MT,B,2,E,E,1,True,0.385001
questao_155,2023,MT,B,3,D,E,2,False,0.443136
questao_155,2023,MT,B,4,C,E,3,False,0.33673
questao_156,2023,MT,A,0,A,E,4,False,0.205403
questao_156,2023,MT,A,1,E,E,0,True,0.27138
questao_156,2023,MT,A,2,D,E,1,False,0.302989
questao_156,2023,MT,A,3,C,D,1,False,0.281368
questao_156,2023,MT,A,4,B,D,2,False,0.260506
questao_158,2023,MT,D,0,D,D,3,True,0.381874
questao_158,2023,MT,D,1,C,D,4,False,0.337369
questao_158,2023,MT,D,2,B,E,1,False,0.396097
questao_158,2023,MT,D,3,A,E,2,False,0.454903
questao_158,2023,MT,D,4,E,E,3,True,0.42553
questao_160,2023,MT,D,0,D,E,4,False,0.305356
questao_160,2023,MT,D,1,C,D,4,False,0.322738
questao_160,2023,MT,D,2,B,E,1,False,0.302272
questao_160,2023,MT,D,3,A,E,2,False,0.364875
questao_160,2023,MT,D,4,E,E,3,True,0.365494
questao_161,2023,MT,D,0,D,D,3,True,0.231491
questao_161,2023,MT,D,1,C,C,3,True,0.299253
questao_161,2023,MT,D,2,B,B,3,True,0.221625
questao_161,2023,MT,D,3,A,E,2,False,0.248011
questao_161,2023,MT,D,4,E,E,3,True,0.312587
questao_162,2023,MT,A,0,A,E,4,False,0.51009
questao_162,2023,MT,A,1,E,E,0,True,0.366331
questao_162,2023,MT,A,2,D,E,1,False,0.42541
questao_162,2023,MT,A,3,C,A,3,False,0.292978
questao_162,2023,MT,A,4,B,E,3,False,0.505006
questao_163,2023,MT,E,0,E,E,4,True,0.19611
questao_163,2023,MT,E,1,D,E,0,False,0.234681
questao_163,2023,MT,E,2,C,E,1,False,0.268345
questao_163,2023,MT,E,3,B,E,2,False,0.277894
questao_163,2023,MT,E,4,A,E,3,False,0.224048
questao_165,2023,MT,E,0,E,E,4,True,0.516813
questao_165,2023,MT,E,1,D,D,4,True,0.374338
questao_165,2023,MT,E,2,C,E,1,False,0.306439
questao_165,2023,MT,E,3,B,E,2,False,0.33755
questao_165,2023,MT,E,4,A,E,3,False,0.392952
questao_166,2023,MT,A,0,A,D,3,False,0.267314
questao_166,2023,MT,A,1,E,D,4,False,0.303981
questao_166,2023,MT,A,2,D,E,1,False,0.201681
questao_166,2023,MT,A,3,C,E,2,False,0.233633
questao_166,2023,MT,A,4,B,E,3,False,0.244873
questao_167,2023,MT,B,0,B,C,2,False,0.277187
questao_167,2023,MT,B,1,A,E,0,False,0.198891
questao_167,2023,MT,B,2,E,E,1,True,0.258423
questao_167,2023,MT,B,3,D,E,2,False,0.278735
questao_167,2023,MT,B,4,C,E,3,False,0.243166
questao_171,2023,MT,D,0,D,E,4,False,0.335591
questao_171,2023,MT,D,1,C,E,0,False,0.358301
questao_171,2023,MT,D,2,B,E,1,False,0.320497
questao_171,2023,MT,D,3,A,E,2,False,0.305024
questao_171,2023,MT,D,4,E,E,3,True,0.392293
questao_173,2023,MT,C,0,C,E,4,False,0.465316
questao_173,2023,MT,C,1,B,D,4,False,0.448673
questao_173,2023,MT,C,2,A,E,1,False,0.322357
questao_173,2023,MT,C,3,E,E,2,True,0.373331
questao_173,2023,MT,C,4,D,E,3,False,0.476747
questao_174,2023,MT,A,0,A,E,4,False,0.303969
questao_174,2023,MT,A,1,E,E,0,True,0.303865
questao_174,2023,MT,A,2,D,E,1,False,0.36427
questao_174,2023,MT,A,3,C,E,2,False,0.364832
questao_174,2023,MT,A,4,B,E,3,False,0.299032
questao_175,2023,MT,D,0,D,D,3,True,0.288247
questao_175,2023,MT,D,1,C,E,0,False,0.221009
questao_175,2023,MT,D,2,B,E,1,False,0.289045
questao_175,2023,MT,D,3,A,E,2,False,0.347594
questao_175,2023,MT,D,4,E,E,3,True,0.305096
questao_178,2023,MT,C,0,C,D,3,False,0.241945
questao_178,2023,MT,C,1,B,D,4,False,0.281692
questao_178,2023,MT,C,2,A,C,4,False,0.242442
questao_178,2023,MT,C,3,E,E,2,True,0.277682
questao_178,2023,MT,C,4,D,D,2,True,0.264286
questao_180,2023,MT,B,0,B,E,4,False,0.356927
questao_180,2023,MT,B,1,A,D,4,False,0.232589
questao_180,2023,MT,B,2,E,C,4,False,0.273942
questao_180,2023,MT,B,3,D,D,1,True,0.624329
questao_180,2023,MT,B,4,C,C,1,True,0.307585
questao_01,2024,LC,A,0,A,E,4,False,0.458719
questao_01,2024,LC,A,1,E,E,0,True,0.841022
questao_01,2024,LC,A,2,D,D,0,True,0.546896
questao_01,2024,LC,A,3,C,C,0,True,0.779249
questao_01,2024,LC,A,4,B,E,3,False,0.473936
questao_05,2024,LC,A,0,A,E,4,False,0.553039
questao_05,2024,LC,A,1,E,E,0,True,0.507887
questao_05,2024,LC,A,2,D,D,0,True,0.475201
questao_05,2024,LC,A,3,C,E,2,False,0.273824
questao_05,2024,LC,A,4,B,B,0,True,0.363918
questao_06,2024,LC,C,0,C,E,4,False,0.263616
questao_06,2024,LC,C,1,B,E,0,False,0.293951
questao_06,2024,LC,C,2,A,E,1,False,0.421633
questao_06,2024,LC,C,3,E,D,1,False,0.329325
questao_06,2024,LC,C,4,D,D,2,True,0.331746
questao_07,2024,LC,B,0,B,E,4,False,0.328058
questao_07,2024,LC,B,1,A,D,4,False,0.274316
questao_07,2024,LC,B,2,E,E,1,True,0.278778
questao_07,2024,LC,B,3,D,D,1,True,0.305578
questao_07,2024,LC,B,4,C,E,3,False,0.461628
questao_08,2024,LC,E,0,E,E,4,True,0.621277
questao_08,2024,LC,E,1,D,D,4,True,0.504318
questao_08,2024,LC,E,2,C,C,4,True,0.684402
questao_08,2024,LC,E,3,B,B,4,True,0.513105
questao_08,2024,LC,E,4,A,A,4,True,0.488853
questao_09,2024,LC,D,0,D,E,4,False,0.282303
questao_09,2024,LC,D,1,C,E,0,False,0.348585
questao_09,2024,LC,D,2,B,D,0,False,0.722784
questao_09,2024,LC,D,3,A,C,0,False,0.424786
questao_09,2024,LC,D,4,E,B,0,False,0.26127
questao_10,2024,LC,A,0,A,A,0,True,0.322747
questao_10,2024,LC,A,1,E,E,0,True,0.74828
questao_10,2024,LC,A,2,D,D,0,True,0.591831
questao_10,2024,LC,A,3,C,C,0,True,0.222748
questao_10,2024,LC,A,4,B,B,0,True,0.49736
questao_11,2024,LC,D,0,D,D,3,True,0.662735
questao_11,2024,LC,D,1,C,C,3,True,0.636359
questao_11,2024,LC,D,2,B,E,1,False,0.450048
questao_11,2024,LC,D,3,A,D,1,False,0.291246
questao_11,2024,LC,D,4,E,E,3,True,0.750593
questao_13,2024,LC,E,0,E,E,4,True,0.546783
questao_13,2024,LC,E,1,D,E,0,False,0.463623
questao_13,2024,LC,E,2,C,D,0,False,0.459593
questao_13,2024,LC,E,3,B,C,0,False,0.26253
questao_13,2024,LC,E,4,A,B,0,False,0.400193
questao_14,2024,LC,B,0,B,B,1,True,0.412795
questao_14,2024,LC,B,1,A,A,1,True,0.294082
questao_14,2024,LC,B,2,E,E,1,True,0.344264
questao_14,2024,LC,B,3,D,D,1,True,0.400088
questao_14,2024,LC,B,4,C,C,1,True,0.193905
questao_15,2024,LC,D,0,D,D,3,True,0.494258
questao_15,2024,LC,D,1,C,E,0,False,0.368304
questao_15,2024,LC,D,2,B,D,0,False,0.43572
questao_15,2024,LC,D,3,A,D,1,False,0.350508
questao_15,2024,LC,D,4,E,E,3,True,0.318716
questao_17,2024,LC,B,0,B,B,1,True,0.372195
questao_17,2024,LC,B,1,A,D,4,False,0.343184
questao_17,2024,LC,B,2,E,E,1,True,0.667543
questao_17,2024,LC,B,3,D,D,1,True,0.78083
questao_17,2024,LC,B,4,C,C,1,True,0.46197
questao_19,2024,LC,B,0,B,B,1,True,0.602662
questao_19,2024,LC,B,1,A,A,1,True,0.397469
questao_19,2024,LC,B,2,E,D,0,False,0.407355
questao_19,2024,LC,B,3,D,D,1,True,0.518335
questao_19,2024,LC,B,4,C,B,0,False,0.371013
questao_20,2024,LC,B,0,B,D,3,False,0.753251
questao_20,2024,LC,B,1,A,D,4,False,0.491735
questao_20,2024,LC,B,2,E,E,1,True,0.778888
questao_20,2024,LC,B,3,D,D,1,True,0.904136
questao_20,2024,LC,B,4,C,C,1,True,0.637711
questao_21,2024,LC,C,0,C,E,4,False,0.326979
questao_21,2024,LC,C,1,B,E,0,False,0.456665
questao_21,2024,LC,C,2,A,D,0,False,0.247786
questao_21,2024,LC,C,3,E,E,2,True,0.339814
questao_21,2024,LC,C,4,D,E,3,False,0.333686
questao_22,2024,LC,E,0,E,D,3,False,0.327391
questao_22,2024,LC,E,1,D,E,0,False,0.254491
questao_22,2024,LC,E,2,C,E,1,False,0.227581
questao_22,2024,LC,E,3,B,E,2,False,0.263258
questao_22,2024,LC,E,4,A,E,3,False,0.466915
questao_24,2024,LC,C,0,C,E,4,False,0.219064
questao_24,2024,LC,C,1,B,E,0,False,0.330387
questao_24,2024,LC,C,2,A,D,0,False,0.309425
questao_24,2024,LC,C,3,E,E,2,True,0.223357
questao_24,2024,LC,C,4,D,B,0,False,0.433012
questao_25,2024,LC,B,0,B,D,3,False,0.349896
questao_25,2024,LC,B,1,A,E,0,False,0.241789
questao_25,2024,LC,B,2,E,B,3,False,0.435202
questao_25,2024,LC,B,3,D,D,1,True,0.232994
questao_25,2024,LC,B,4,C,E,3,False,0.323801
questao_26,2024,LC,D,0,D,E,4,False,0.22619
questao_26,2024,LC,D,1,C,D,4,False,0.251306
questao_26,2024,LC,D,2,B,D,0,False,0.24748
questao_26,2024,LC,D,3,A,E,2,False,0.200394
questao_26,2024,LC,D,4,E,E,3,True,0.25348
questao_28,2024,LC,B,0,B,C,2,False,0.248079
questao_28,2024,LC,B,1,A,D,4,False,0.369083
questao_28,2024,LC,B,2,E,C,4,False,0.260799
questao_28,2024,LC,B,3,D,B,4,False,0.254072
questao_28,2024,LC,B,4,C,D,2,False,0.344802
questao_29,2024,LC,A,0,A,D,3,False,0.490214
questao_29,2024,LC,A,1,E,E,0,True,0.329378
questao_29,2024,LC,A,2,D,B,3,False,0.250414
questao_29,2024,LC,A,3,C,E,2,False,0.30039
questao_29,2024,LC,A,4,B,E,3,False,0.503241
questao_30,2024,LC,D,0,D,E,4,False,0.265044
questao_30,2024,LC,D,1,C,E,0,False,0.408272
questao_30,2024,LC,D,2,B,E,1,False,0.326047
questao_30,2024,LC,D,3,A,E,2,False,0.39699
questao_30,2024,LC,D,4,E,E,3,True,0.379292
questao_31,2024,LC,D,0,D,D,3,True,0.547684
questao_31,2024,LC,D,1,C,B,2,False,0.258657
questao_31,2024,LC,D,2,B,B,3,True,0.401624
questao_31,2024,LC,D,3,A,A,3,True,0.387186
questao_31,2024,LC,D,4,E,E,3,True,0.600472
questao_32,2024,LC,D,0,D,C,2,False,0.353509
questao_32,2024,LC,D,1,C,E,0,False,0.616675
questao_32,2024,LC,D,2,B,D,0,False,0.669679
questao_32,2024,LC,D,3,A,C,0,False,0.441764
questao_32,2024,LC,D,4,E,D,2,False,0.519132
questao_33,2024,LC,C,0,C,E,4,False,0.243589
questao_33,2024,LC,C,1,B,E,0,False,0.368245
questao_33,2024,LC,C,2,A,E,1,False,0.274716
questao_33,2024,LC,C,3,E,E,2,True,0.487237
questao_33,2024,LC,C,4,D,D,2,True,0.257561
questao_34,2024,LC,B,0,B,B,1,True,0.629488
questao_34,2024,LC,B,1,A,A,1,True,0.506213
questao_34,2024,LC,B,2,E,E,1,True,0.846207
questao_34,2024,LC,B,3,D,D,1,True,0.78557
questao_34,2024,LC,B,4,C,C,1,True,0.597583
questao_35,2024,LC,D,0,D,D,3,True,0.696062
questao_35,2024,LC,D,1,C,C,3,True,0.46806
questao_35,2024,LC,D,2,B,B,3,True,0.56491
questao_35,2024,LC,D,3,A,A,3,True,0.347354
questao_35,2024,LC,D,4,E,E,3,True,0.752164
questao_36,2024,LC,E,0,E,E,4,True,0.543492
questao_36,2024,LC,E,1,D,D,4,True,0.511409
questao_36,2024,LC,E,2,C,C,4,True,0.358439
questao_36,2024,LC,E,3,B,B,4,True,0.392593
questao_36,2024,LC,E,4,A,E,3,False,0.338737
questao_37,2024,LC,D,0,D,D,3,True,0.852386
questao_37,2024,LC,D,1,C,C,3,True,0.700942
questao_37,2024,LC,D,2,B,B,3,True,0.735543
questao_37,2024,LC,D,3,A,A,3,True,0.549404
questao_37,2024,LC,D,4,E,E,3,True,0.803242
questao_38,2024,LC,D,0,D,D,3,True,0.871177
questao_38,2024,LC,D,1,C,C,3,True,0.688271
questao_38,2024,LC,D,2,B,B,3,True,0.618265
questao_38,2024,LC,D,3,A,E,2,False,0.296898
questao_38,2024,LC,D,4,E,E,3,True,0.795542
questao_39,2024,LC,C,0,C,B,1,False,0.497849
questao_39,2024,LC,C,1,B,B,2,True,0.307723
questao_39,2024,LC,C,2,A,E,1,False,0.757553
questao_39,2024,LC,C,3,E,E,2,True,0.61238
questao_39,2024,LC,C,4,D,D,2,True,0.462818
questao_40,2024,LC,E,0,E,E,4,True,0.873521
questao_40,2024,LC,E,1,D,D,4,True,0.751855
questao_40,2024,LC,E,2,C,C,4,True,0.565648
questao_40,2024,LC,E,3,B,B,4,True,0.671196
questao_40,2024,LC,E,4,A,A,4,True,0.54359
questao_41,2024,LC,C,0,C,C,2,True,0.657871
questao_41,2024,LC,C,1,B,B,2,True,0.527248
questao_41,2024,LC,C,2,A,A,2,True,0.458253
questao_41,2024,LC,C,3,E,E,2,True,0.636552
questao_41,2024,LC,C,4,D,D,2,True,0.828318
questao_42,2024,LC,B,0,B,D,3,False,0.396384
questao_42,2024,LC,B,1,A,C,3,False,0.217074
questao_42,2024,LC,B,2,E,E,1,True,0.551861
questao_42,2024,LC,B,3,D,D,1,True,0.440856
questao_42,2024,LC,B,4,C,E,3,False,0.42988
questao_43,2024,LC,E,0,E,E,4,True,0.891645
questao_43,2024,LC,E,1,D,D,4,True,0.905914
questao_43,2024,LC,E,2,C,C,4,True,0.56358
questao_43,2024,LC,E,3,B,B,4,True,0.680571
questao_43,2024,LC,E,4,A,A,4,True,0.421476
questao_44,2024,LC,C,0,C,E,4,False,0.467585
questao_44,2024,LC,C,1,B,D,4,False,0.431224
questao_44,2024,LC,C,2,A,C,4,False,0.259241
questao_44,2024,LC,C,3,E,E,2,True,0.587188
questao_44,2024,LC,C,4,D,D,2,True,0.49019
questao_45,2024,LC,E,0,E,D,3,False,0.379075
questao_45,2024,LC,E,1,D,D,4,True,0.471292
questao_45,2024,LC,E,2,C,C,4,True,0.342173
questao_45,2024,LC,E,3,B,B,4,True,0.428166
questao_45,2024,LC,E,4,A,E,3,False,0.44073
questao_46,2024,CH,A,0,A,A,0,True,0.559618
questao_46,2024,CH,A,1,E,E,0,True,0.837622
questao_46,2024,CH,A,2,D,D,0,True,0.883244
questao_46,2024,CH,A,3,C,C,0,True,0.73398
questao_46,2024,CH,A,4,B,B,0,True,0.759504
questao_47,2024,CH,C,0,C,E,4,False,0.263146
questao_47,2024,CH,C,1,B,E,0,False,0.313071
questao_47,2024,CH,C,2,A,E,1,False,0.390093
questao_47,2024,CH,C,3,E,E,2,True,0.415164
questao_47,2024,CH,C,4,D,D,2,True,0.352315
questao_48,2024,CH,B,0,B,E,4,False,0.286919
questao_48,2024,CH,B,1,A,E,0,False,0.289129
questao_48,2024,CH,B,2,E,E,1,True,0.311081
questao_48,2024,CH,B,3,D,E,2,False,0.376579
questao_48,2024,CH,B,4,C,E,3,False,0.300918
questao_49,2024,CH,C,0,C,C,2,True,0.642504
questao_49,2024,CH,C,1,B,B,2,True,0.704033
questao_49,2024,CH,C,2,A,A,2,True,0.529631
questao_49,2024,CH,C,3,E,E,2,True,0.815876
questao_49,2024,CH,C,4,D,D,2,True,0.860625
questao_50,2024,CH,A,0,A,A,0,True,0.482582
questao_50,2024,CH,A,1,E,E,0,True,0.885394
questao_50,2024,CH,A,2,D,D,0,True,0.871468
questao_50,2024,CH,A,3,C,C,0,True,0.674141
questao_50,2024,CH,A,4,B,B,0,True,0.584716
questao_51,2024,CH,D,0,D,D,3,True,0.529377
questao_51,2024,CH,D,1,C,C,3,True,0.38891
questao_51,2024,CH,D,2,B,E,1,False,0.359988
questao_51,2024,CH,D,3,A,E,2,False,0.450086
questao_51,2024,CH,D,4,E,E,3,True,0.663096
questao_52,2024,CH,C,0,C,C,2,True,0.712109
questao_52,2024,CH,C,1,B,B,2,True,0.633219
questao_52,2024,CH,C,2,A,A,2,True,0.572122
questao_52,2024,CH,C,3,E,E,2,True,0.727968
questao_52,2024,CH,C,4,D,D,2,True,0.818663
questao_53,2024,CH,E,0,E,E,4,True,0.875011
questao_53,2024,CH,E,1,D,D,4,True,0.920128
questao_53,2024,CH,E,2,C,C,4,True,0.72082
questao_53,2024,CH,E,3,B,B,4,True,0.753227
questao_53,2024,CH,E,4,A,A,4,True,0.525918
questao_54,2024,CH,D,0,D,D,3,True,0.617495
questao_54,2024,CH,D,1,C,B,2,False,0.254956
questao_54,2024,CH,D,2,B,B,3,True,0.358609
questao_54,2024,CH,D,3,A,E,2,False,0.502765
questao_54,2024,CH,D,4,E,D,2,False,0.594341
questao_55,2024,CH,B,0,B,E,4,False,0.409252
questao_55,2024,CH,B,1,A,D,4,False,0.504676
questao_55,2024,CH,B,2,E,C,4,False,0.320493
questao_55,2024,CH,B,3,D,B,4,False,0.327366
questao_55,2024,CH,B,4,C,E,3,False,0.487319
questao_56,2024,CH,A,0,A,A,0,True,0.39824
questao_56,2024,CH,A,1,E,E,0,True,0.868333
questao_56,2024,CH,A,2,D,D,0,True,0.886058
questao_56,2024,CH,A,3,C,C,0,True,0.664702
questao_56,2024,CH,A,4,B,B,0,True,0.665874
questao_57,2024,CH,E,0,E,E,4,True,0.846689
questao_57,2024,CH,E,1,D,D,4,True,0.877161
questao_57,2024,CH,E,2,C,C,4,True,0.616433
questao_57,2024,CH,E,3,B,B,4,True,0.592526
questao_57,2024,CH,E,4,A,A,4,True,0.396822
questao_58,2024,CH,C,0,C,C,2,True,0.494752
questao_58,2024,CH,C,1,B,B,2,True,0.594511
questao_58,2024,CH,C,2,A,A,2,True,0.322226
questao_58,2024,CH,C,3,E,E,2,True,0.588318
questao_58,2024,CH,C,4,D,D,2,True,0.576565
questao_59,2024,CH,E,0,E,E,4,True,0.808778
questao_59,2024,CH,E,1,D,D,4,True,0.734922
questao_59,2024,CH,E,2,C,C,4,True,0.400039
questao_59,2024,CH,E,3,B,B,4,True,0.525416
questao_59,2024,CH,E,4,A,A,4,True,0.404346
questao_60,2024,CH,D,0,D,D,3,True,0.803218
questao_60,2024,CH,D,1,C,C,3,True,0.698753
questao_60,2024,CH,D,2,B,B,3,True,0.444357
questao_60,2024,CH,D,3,A,E,2,False,0.452209
questao_60,2024,CH,D,4,E,E,3,True,0.817163
questao_61,2024,CH,A,0,A,A,0,True,0.333493
questao_61,2024,CH,A,1,E,E,0,True,0.533173
questao_61,2024,CH,A,2,D,D,0,True,0.703857
questao_61,2024,CH,A,3,C,C,0,True,0.471985
questao_61,2024,CH,A,4,B,B,0,True,0.454662
questao_62,2024,CH,D,0,D,D,3,True,0.482926
questao_62,2024,CH,D,1,C,C,3,True,0.40967
questao_62,2024,CH,D,2,B,B,3,True,0.521599
questao_62,2024,CH,D,3,A,E,2,False,0.518561
questao_62,2024,CH,D,4,E,E,3,True,0.617267
questao_63,2024,CH,B,0,B,E,4,False,0.443359
questao_63,2024,CH,B,1,A,E,0,False,0.360961
questao_63,2024,CH,B,2,E,E,1,True,0.42509
questao_63,2024,CH,B,3,D,E,2,False,0.597187
questao_63,2024,CH,B,4,C,E,3,False,0.310043
questao_64,2024,CH,A,0,A,E,4,False,0.301276
questao_64,2024,CH,A,1,E,E,0,True,0.832739
questao_64,2024,CH,A,2,D,D,0,True,0.557591
questao_64,2024,CH,A,3,C,C,0,True,0.479847
questao_64,2024,CH,A,4,B,B,0,True,0.286912
questao_65,2024,CH,D,0,D,D,3,True,0.811285
questao_65,2024,CH,D,1,C,C,3,True,0.704159
questao_65,2024,CH,D,2,B,B,3,True,0.651009
questao_65,2024,CH,D,3,A,A,3,True,0.396466
questao_65,2024,CH,D,4,E,E,3,True,0.787914
questao_66,2024,CH,B,0,B,E,4,False,0.314793
questao_66,2024,CH,B,1,A,A,1,True,0.355714
questao_66,2024,CH,B,2,E,E,1,True,0.594503
questao_66,2024,CH,B,3,D,D,1,True,0.756073
questao_66,2024,CH,B,4,C,C,1,True,0.40177
questao_67,2024,CH,E,0,E,E,4,True,0.528921
questao_67,2024,CH,E,1,D,D,4,True,0.2995
questao_67,2024,CH,E,2,C,E,1,False,0.496716
questao_67,2024,CH,E,3,B,D,1,False,0.619751
questao_67,2024,CH,E,4,A,D,2,False,0.322217
questao_68,2024,CH,B,0,B,B,1,True,0.339537
questao_68,2024,CH,B,1,A,E,0,False,0.383962
questao_68,2024,CH,B,2,E,E,1,True,0.576112
questao_68,2024,CH,B,3,D,D,1,True,0.407737
questao_68,2024,CH,B,4,C,C,1,True,0.272622
questao_70,2024,CH,D,0,D,D,3,True,0.500735
questao_70,2024,CH,D,1,C,C,3,True,0.411363
questao_70,2024,CH,D,2,B,B,3,True,0.44833
questao_70,2024,CH,D,3,A,E,2,False,0.270562
questao_70,2024,CH,D,4,E,E,3,True,0.427434
questao_71,2024,CH,A,0,A,A,0,True,0.502139
questao_71,2024,CH,A,1,E,E,0,True,0.883324
questao_71,2024,CH,A,2,D,D,0,True,0.89673
questao_71,2024,CH,A,3,C,C,0,True,0.723961
questao_71,2024,CH,A,4,B,B,0,True,0.587947
questao_73,2024,CH,A,0,A,A,0,True,0.475742
questao_73,2024,CH,A,1,E,E,0,True,0.43069
questao_73,2024,CH,A,2,D,D,0,True,0.823747
questao_73,2024,CH,A,3,C,C,0,True,0.626685
questao_73,2024,CH,A,4,B,B,0,True,0.648993
questao_74,2024,CH,B,0,B,B,1,True,0.573272
questao_74,2024,CH,B,1,A,A,1,True,0.33623
questao_74,2024,CH,B,2,E,E,1,True,0.691756
questao_74,2024,CH,B,3,D,D,1,True,0.803524
questao_74,2024,CH,B,4,C,C,1,True,0.60859
questao_75,2024,CH,C,0,C,C,2,True,0.792169
questao_75,2024,CH,C,1,B,B,2,True,0.777173
questao_75,2024,CH,C,2,A,A,2,True,0.673986
questao_75,2024,CH,C,3,E,E,2,True,0.885339
questao_75,2024,CH,C,4,D,D,2,True,0.875678
questao_76,2024,CH,D,0,D,D,3,True,0.423556
questao_76,2024,CH,D,1,C,E,0,False,0.373832
questao_76,2024,CH,D,2,B,E,1,False,0.472835
questao_76,2024,CH,D,3,A,E,2,False,0.546812
questao_76,2024,CH,D,4,E,E,3,True,0.55029
questao_77,2024,CH,E,0,E,E,4,True,0.709657
questao_77,2024,CH,E,1,D,D,4,True,0.784681
questao_77,2024,CH,E,2,C,C,4,True,0.479724
questao_77,2024,CH,E,3,B,B,4,True,0.451959
questao_77,2024,CH,E,4,A,E,3,False,0.410634
questao_79,2024,CH,B,0,B,B,1,True,0.480466
questao_79,2024,CH,B,1,A,E,0,False,0.293151
questao_79,2024,CH,B,2,E,E,1,True,0.619112
questao_79,2024,CH,B,3,D,D,1,True,0.882837
questao_79,2024,CH,B,4,C,C,1,True,0.676816
questao_80,2024,CH,C,0,C,E,4,False,0.319021
questao_80,2024,CH,C,1,B,E,0,False,0.363453
questao_80,2024,CH,C,2,A,E,1,False,0.287048
questao_80,2024,CH,C,3,E,E,2,True,0.506146
questao_80,2024,CH,C,4,D,D,2,True,0.483519
questao_81,2024,CH,A,0,A,A,0,True,0.555322
questao_81,2024,CH,A,1,E,E,0,True,0.817765
questao_81,2024,CH,A,2,D,D,0,True,0.84855
questao_81,2024,CH,A,3,C,C,0,True,0.836393
questao_81,2024,CH,A,4,B,B,0,True,0.799467
questao_82,2024,CH,E,0,E,E,4,True,0.651189
questao_82,2024,CH,E,1,D,D,4,True,0.309055
questao_82,2024,CH,E,2,C,E,1,False,0.471772
questao_82,2024,CH,E,3,B,E,2,False,0.47424
questao_82,2024,CH,E,4,A,E,3,False,0.571723
questao_83,2024,CH,D,0,D,D,3,True,0.88188
questao_83,2024,CH,D,1,C,C,3,True,0.715346
questao_83,2024,CH,D,2,B,B,3,True,0.772308
questao_83,2024,CH,D,3,A,A,3,True,0.548854
questao_83,2024,CH,D,4,E,E,3,True,0.856213
questao_84,2024,CH,E,0,E,D,3,False,0.599729
questao_84,2024,CH,E,1,D,D,4,True,0.711484
questao_84,2024,CH,E,2,C,C,4,True,0.423223
questao_84,2024,CH,E,3,B,E,2,False,0.400704
questao_84,2024,CH,E,4,A,E,3,False,0.556117
questao_85,2024,CH,B,0,B,B,1,True,0.424108
questao_85,2024,CH,B,1,A,E,0,False,0.346535
questao_85,2024,CH,B,2,E,E,1,True,0.670841
questao_85,2024,CH,B,3,D,D,1,True,0.739253
questao_85,2024,CH,B,4,C,C,1,True,0.6099
questao_86,2024,CH,B,0,B,B,1,True,0.523704
questao_86,2024,CH,B,1,A,E,0,False,0.384945
questao_86,2024,CH,B,2,E,E,1,True,0.855358
questao_86,2024,CH,B,3,D,D,1,True,0.815466
questao_86,2024,CH,B,4,C,C,1,True,0.593351
questao_87,2024,CH,C,0,C,C,2,True,0.402182
questao_87,2024,CH,C,1,B,B,2,True,0.331374
questao_87,2024,CH,C,2,A,E,1,False,0.377063
questao_87,2024,CH,C,3,E,E,2,True,0.750504
questao_87,2024,CH,C,4,D,D,2,True,0.658173
questao_88,2024,CH,E,0,E,E,4,True,0.869524
questao_88,2024,CH,E,1,D,D,4,True,0.882625
questao_88,2024,CH,E,2,C,C,4,True,0.763837
questao_88,2024,CH,E,3,B,B,4,True,0.748994
questao_88,2024,CH,E,4,A,A,4,True,0.463028
questao_89,2024,CH,C,0,C,C,2,True,0.440469
questao_89,2024,CH,C,1,B,B,2,True,0.360933
questao_89,2024,CH,C,2,A,A,2,True,0.343534
questao_89,2024,CH,C,3,E,E,2,True,0.405146
questao_89,2024,CH,C,4,D,D,2,True,0.530167
questao_90,2024,CH,E,0,E,E,4,True,0.399549
questao_90,2024,CH,E,1,D,D,4,True,0.47895
questao_90,2024,CH,E,2,C,C,4,True,0.330493
questao_90,2024,CH,E,3,B,B,4,True,0.353112
questao_90,2024,CH,E,4,A,B,0,False,0.335897
questao_92,2024,CN,D,0,D,B,1,False,0.264212
questao_92,2024,CN,D,1,C,A,1,False,0.25366
questao_92,2024,CN,D,2,B,E,1,False,0.391562
questao_92,2024,CN,D,3,A,E,2,False,0.464525
questao_92,2024,CN,D,4,E,D,2,False,0.284501
questao_94,2024,CN,D,0,D,D,3,True,0.699487
questao_94,2024,CN,D,1,C,C,3,True,0.347108
questao_94,2024,CN,D,2,B,B,3,True,0.296941
questao_94,2024,CN,D,3,A,E,2,False,0.402178
questao_94,2024,CN,D,4,E,E,3,True,0.442462
questao_95,2024,CN,D,0,D,E,4,False,0.329264
questao_95,2024,CN,D,1,C,E,0,False,0.380124
questao_95,2024,CN,D,2,B,D,0,False,0.352217
questao_95,2024,CN,D,3,A,C,0,False,0.151613
questao_95,2024,CN,D,4,E,E,3,True,0.371741
questao_96,2024,CN,E,0,E,E,4,True,0.580837
questao_96,2024,CN,E,1,D,D,4,True,0.800817
questao_96,2024,CN,E,2,C,C,4,True,0.638125
questao_96,2024,CN,E,3,B,B,4,True,0.528318
questao_96,2024,CN,E,4,A,A,4,True,0.265454
questao_97,2024,CN,B,0,B,B,1,True,0.747068
questao_97,2024,CN,B,1,A,A,1,True,0.627439
questao_97,2024,CN,B,2,E,E,1,True,0.8274
questao_97,2024,CN,B,3,D,D,1,True,0.825434
questao_97,2024,CN,B,4,C,C,1,True,0.687112
questao_98,2024,CN,B,0,B,E,4,False,0.415139
questao_98,2024,CN,B,1,A,D,4,False,0.309944
questao_98,2024,CN,B,2,E,D,0,False,0.723342
questao_98,2024,CN,B,3,D,C,0,False,0.515164
questao_98,2024,CN,B,4,C,B,0,False,0.372481
questao_100,2024,CN,A,0,A,E,4,False,0.334046
questao_100,2024,CN,A,1,E,D,4,False,0.269552
questao_100,2024,CN,A,2,D,D,0,True,0.349891
questao_100,2024,CN,A,3,C,E,2,False,0.41046
questao_100,2024,CN,A,4,B,E,3,False,0.303609
questao_107,2024,CN,E,0,E,E,4,True,0.834048
questao_107,2024,CN,E,1,D,D,4,True,0.755962
questao_107,2024,CN,E,2,C,C,4,True,0.494629
questao_107,2024,CN,E,3,B,D,1,False,0.434462
questao_107,2024,CN,E,4,A,A,4,True,0.325078
questao_109,2024,CN,D,0,D,D,3,True,0.282865
questao_109,2024,CN,D,1,C,C,3,True,0.20668
questao_109,2024,CN,D,2,B,E,1,False,0.17115
questao_109,2024,CN,D,3,A,D,1,False,0.21906
questao_109,2024,CN,D,4,E,E,3,True,0.257285
questao_112,2024,CN,A,0,A,E,4,False,0.377088
questao_112,2024,CN,A,1,E,E,0,True,0.762727
questao_112,2024,CN,A,2,D,D,0,True,0.846693
questao_112,2024,CN,A,3,C,C,0,True,0.539534
questao_112,2024,CN,A,4,B,B,0,True,0.425066
questao_114,2024,CN,D,0,D,E,4,False,0.2609
questao_114,2024,CN,D,1,C,E,0,False,0.342895
questao_114,2024,CN,D,2,B,E,1,False,0.309341
questao_114,2024,CN,D,3,A,E,2,False,0.295167
questao_114,2024,CN,D,4,E,E,3,True,0.269972
questao_115,2024,CN,B,0,B,D,3,False,0.161712
questao_115,2024,CN,B,1,A,E,0,False,0.172269
questao_115,2024,CN,B,2,E,E,1,True,0.270385
questao_115,2024,CN,B,3,D,E,2,False,0.242649
questao_115,2024,CN,B,4,C,D,2,False,0.275421
questao_117,2024,CN,C,0,C,C,2,True,0.297904
questao_117,2024,CN,C,1,B,D,4,False,0.433091
questao_117,2024,CN,C,2,A,C,4,False,0.279494
questao_117,2024,CN,C,3,E,B,4,False,0.267173
questao_117,2024,CN,C,4,D,D,2,True,0.353372
questao_119,2024,CN,D,0,D,E,4,False,0.181489
questao_119,2024,CN,D,1,C,E,0,False,0.242214
questao_119,2024,CN,D,2,B,E,1,False,0.222962
questao_119,2024,CN,D,3,A,E,2,False,0.225585
questao_119,2024,CN,D,4,E,D,2,False,0.222967
questao_121,2024,CN,B,0,B,B,1,True,0.421249
questao_121,2024,CN,B,1,A,E,0,False,0.521121
questao_121,2024,CN,B,2,E,D,0,False,0.789589
questao_121,2024,CN,B,3,D,D,1,True,0.863673
questao_121,2024,CN,B,4,C,C,1,True,0.565716
questao_127,2024,CN,A,0,A,A,0,True,0.397335
questao_127,2024,CN,A,1,E,E,0,True,0.630625
questao_127,2024,CN,A,2,D,D,0,True,0.720337
questao_127,2024,CN,A,3,C,C,0,True,0.434454
questao_127,2024,CN,A,4,B,B,0,True,0.445605
questao_134,2024,CN,E,0,E,E,4,True,0.418716
questao_134,2024,CN,E,1,D,D,4,True,0.283202
questao_134,2024,CN,E,2,C,D,0,False,0.338168
questao_134,2024,CN,E,3,B,E,2,False,0.297648
questao_134,2024,CN,E,4,A,E,3,False,0.324062
questao_136,2024,MT,C,0,C,E,4,False,0.21552
questao_136,2024,MT,C,1,B,C,3,False,0.287156
questao_136,2024,MT,C,2,A,B,3,False,0.260981
questao_136,2024,MT,C,3,E,E,2,True,0.238072
questao_136,2024,MT,C,4,D,E,3,False,0.256898
questao_138,2024,MT,B,0,B,E,4,False,0.231297
questao_138,2024,MT,B,1,A,E,0,False,0.50622
questao_138,2024,MT,B,2,E,D,0,False,0.663641
questao_138,2024,MT,B,3,D,D,1,True,0.684804
questao_138,2024,MT,B,4,C,C,1,True,0.483399
questao_140,2024,MT,E,0,E,D,3,False,0.250825
questao_140,2024,MT,E,1,D,D,4,True,0.236063
questao_140,2024,MT,E,2,C,C,4,True,0.193678
questao_140,2024,MT,E,3,B,D,1,False,0.300877
questao_140,2024,MT,E,4,A,E,3,False,0.28077
questao_142,2024,MT,D,0,D,E,4,False,0.258697
questao_142,2024,MT,D,1,C,B,2,False,0.332498
questao_142,2024,MT,D,2,B,C,4,False,0.228403
questao_142,2024,MT,D,3,A,E,2,False,0.313528
questao_142,2024,MT,D,4,E,E,3,True,0.273876
questao_143,2024,MT,B,0,B,B,1,True,0.205055
questao_143,2024,MT,B,1,A,C,3,False,0.182841
questao_143,2024,MT,B,2,E,B,3,False,0.192473
questao_143,2024,MT,B,3,D,E,2,False,0.218975
questao_143,2024,MT,B,4,C,D,2,False,0.216326
questao_146,2024,MT,E,0,E,D,3,False,0.282543
questao_146,2024,MT,E,1,D,D,4,True,0.295578
questao_146,2024,MT,E,2,C,E,1,False,0.193612
questao_146,2024,MT,E,3,B,E,2,False,0.246599
questao_146,2024,MT,E,4,A,E,3,False,0.359437
questao_147,2024,MT,A,0,A,E,4,False,0.32465
questao_147,2024,MT,A,1,E,E,0,True,0.43626
questao_147,2024,MT,A,2,D,E,1,False,0.449689
questao_147,2024,MT,A,3,C,E,2,False,0.347469
questao_147,2024,MT,A,4,B,E,3,False,0.236105
questao_148,2024,MT,D,0,D,E,4,False,0.363232
questao_148,2024,MT,D,1,C,E,0,False,0.331643
questao_148,2024,MT,D,2,B,E,1,False,0.213489
questao_148,2024,MT,D,3,A,E,2,False,0.283199
questao_148,2024,MT,D,4,E,E,3,True,0.404654
questao_150,2024,MT,D,0,D,E,4,False,0.324589
questao_150,2024,MT,D,1,C,D,4,False,0.394166
questao_150,2024,MT,D,2,B,E,1,False,0.274894
questao_150,2024,MT,D,3,A,E,2,False,0.269232
questao_150,2024,MT,D,4,E,E,3,True,0.28894
questao_151,2024,MT,A,0,A,E,4,False,0.40008
questao_151,2024,MT,A,1,E,E,0,True,0.399786
questao_151,2024,MT,A,2,D,E,1,False,0.44317
questao_151,2024,MT,A,3,C,E,2,False,0.384356
questao_151,2024,MT,A,4,B,D,2,False,0.2956
questao_152,2024,MT,B,0,B,E,4,False,0.448799
questao_152,2024,MT,B,1,A,E,0,False,0.366751
questao_152,2024,MT,B,2,E,E,1,True,0.376172
questao_152,2024,MT,B,3,D,E,2,False,0.375035
questao_152,2024,MT,B,4,C,D,2,False,0.370689
questao_155,2024,MT,B,0,B,E,4,False,0.335967
questao_155,2024,MT,B,1,A,E,0,False,0.247713
questao_155,2024,MT,B,2,E,E,1,True,0.352262
questao_155,2024,MT,B,3,D,E,2,False,0.3171
questao_155,2024,MT,B,4,C,E,3,False,0.480787
questao_158,2024,MT,C,0,C,D,3,False,0.171871
questao_158,2024,MT,C,1,B,D,4,False,0.313719
questao_158,2024,MT,C,2,A,B,3,False,0.177807
questao_158,2024,MT,C,3,E,B,4,False,0.388028
questao_158,2024,MT,C,4,D,B,0,False,0.309644
questao_159,2024,MT,D,0,D,E,4,False,0.335304
questao_159,2024,MT,D,1,C,E,0,False,0.254913
questao_159,2024,MT,D,2,B,E,1,False,0.333335
questao_159,2024,MT,D,3,A,E,2,False,0.200642
questao_159,2024,MT,D,4,E,C,1,False,0.274464
questao_160,2024,MT,C,0,C,E,4,False,0.300738
questao_160,2024,MT,C,1,B,E,0,False,0.494416
questao_160,2024,MT,C,2,A,E,1,False,0.340222
questao_160,2024,MT,C,3,E,E,2,True,0.319913
questao_160,2024,MT,C,4,D,D,2,True,0.380634
questao_161,2024,MT,C,0,C,B,1,False,0.258711
questao_161,2024,MT,C,1,B,C,3,False,0.277932
questao_161,2024,MT,C,2,A,E,1,False,0.287138
questao_161,2024,MT,C,3,E,D,1,False,0.327793
questao_161,2024,MT,C,4,D,C,1,False,0.316132
questao_162,2024,MT,E,0,E,E,4,True,0.20166
questao_162,2024,MT,E,1,D,E,0,False,0.242942
questao_162,2024,MT,E,2,C,E,1,False,0.250127
questao_162,2024,MT,E,3,B,E,2,False,0.254497
questao_162,2024,MT,E,4,A,E,3,False,0.211382
questao_163,2024,MT,C,0,C,E,4,False,0.295442
questao_163,2024,MT,C,1,B,E,0,False,0.256638
questao_163,2024,MT,C,2,A,E,1,False,0.29775
questao_163,2024,MT,C,3,E,E,2,True,0.28005
questao_163,2024,MT,C,4,D,E,3,False,0.264239
questao_164,2024,MT,E,0,E,E,4,True,0.222793
questao_164,2024,MT,E,1,D,C,3,False,0.202456
questao_164,2024,MT,E,2,C,E,1,False,0.269607
questao_164,2024,MT,E,3,B,E,2,False,0.372792
questao_164,2024,MT,E,4,A,E,3,False,0.313304
questao_168,2024,MT,C,0,C,E,4,False,0.308052
questao_168,2024,MT,C,1,B,E,0,False,0.277447
questao_168,2024,MT,C,2,A,E,1,False,0.348538
questao_168,2024,MT,C,3,E,E,2,True,0.338133
questao_168,2024,MT,C,4,D,E,3,False,0.263686
questao_169,2024,MT,A,0,A,E,4,False,0.231542
questao_169,2024,MT,A,1,E,D,4,False,0.207592
questao_169,2024,MT,A,2,D,D,0,True,0.204472
questao_169,2024,MT,A,3,C,E,2,False,0.280504
questao_169,2024,MT,A,4,B,E,3,False,0.285542
questao_172,2024,MT,C,0,C,D,3,False,0.2248
questao_172,2024,MT,C,1,B,D,4,False,0.281129
questao_172,2024,MT,C,2,A,C,4,False,0.250158
questao_172,2024,MT,C,3,E,B,4,False,0.225316
questao_172,2024,MT,C,4,D,D,2,True,0.218298
questao_173,2024,MT,A,0,A,E,4,False,0.20409
questao_173,2024,MT,A,1,E,E,0,True,0.29116
questao_173,2024,MT,A,2,D,E,1,False,0.242368
questao_173,2024,MT,A,3,C,A,3,False,0.179797
questao_173,2024,MT,A,4,B,E,3,False,0.172637
questao_174,2024,MT,B,0,B,E,4,False,0.273947
questao_174,2024,MT,B,1,A,E,0,False,0.31186
questao_174,2024,MT,B,2,E,E,1,True,0.315684
questao_174,2024,MT,B,3,D,E,2,False,0.43105
questao_174,2024,MT,B,4,C,E,3,False,0.396731
questao_175,2024,MT,E,0,E,D,3,False,0.302483
questao_175,2024,MT,E,1,D,B,2,False,0.280716
questao_175,2024,MT,E,2,C,C,4,True,0.285667
questao_175,2024,MT,E,3,B,E,2,False,0.384643
questao_175,2024,MT,E,4,A,D,2,False,0.816061
questao_177,2024,MT,A,0,A,D,3,False,0.233354
questao_177,2024,MT,A,1,E,B,2,False,0.24959
questao_177,2024,MT,A,2,D,E,1,False,0.230485
questao_177,2024,MT,A,3,C,E,2,False,0.361939
questao_177,2024,MT,A,4,B,D,2,False,0.507837
questao_178,2024,MT,D,0,D,D,3,True,0.431831
questao_178,2024,MT,D,1,C,E,0,False,0.256106
questao_178,2024,MT,D,2,B,E,1,False,0.416561
questao_178,2024,MT,D,3,A,D,1,False,0.302746
questao_178,2024,MT,D,4,E,C,1,False,0.443617
